id,sector,variable,definicion,unidad,frecuencia,geografia,canal,rezago_hipotesis,fuente_url,prioridad,rol,disponibilidad
"MF_FX_OFFICIAL","Divisas","Cambio oficial compra/venta","Cotización BOB por USD conservando ambas puntas y fecha de vigencia","BOB/USD","diaria","Bolivia","Valuación de contratos y conversión contable","0-3 meses","https://www.bcb.gob.bo/?q=content%2Fsector-externo-0","P0","condicionante","Página o documento primario localizado; serie exacta endpoint histórico y derechos pendientes"
"MF_FX_REFERENCE","Divisas","Cambio referencial publicado","Referencia bancaria vigente si la autoridad publica serie distinta de la oficial; conservar metodología","BOB/USD","diaria propuesta","Bolivia","Costo observable de operaciones autorizadas","0-3 meses","https://www.bcb.gob.bo/?q=content%2Fsector-externo-0","P0","condicionante","Página o documento primario localizado; serie exacta endpoint histórico y derechos pendientes"
"MF_FX_EFFECTIVE","Divisas","Costo efectivo de acceso a divisas","Monto BOB pagado dividido entre USD netos recibidos incluyendo comisiones por canal y monto","BOB/USD","semanal propuesta","Bolivia por canal","Costo importador y de servicios digitales","0-3 meses","https://asfi.gob.bo/la/tarifarios","P1","condicionante","Propuesta de medición; fuente parcial no valida serie completa; requiere muestra o convenio"
"MF_FX_PREMIUM","Divisas","Prima cambiaria por canal","100 por cociente entre cambio efectivo comparable y oficial menos uno; separar medios de pago","%","semanal derivada","Bolivia por canal","Presión de costos y sustitución de ahorro","0-6 meses","https://asfi.gob.bo/la/tarifarios","P1","condicionante","Propuesta de medición; fuente parcial no valida serie completa; requiere muestra o convenio"
"MF_FX_DISPERSION","Divisas","Dispersión de cotizaciones efectivas","Rango intercuartílico de cotizaciones del mismo día monto y canal","BOB/USD","semanal propuesta","Ciudades y canales","Segmentación del mercado y fricción comercial","0-3 meses","https://asfi.gob.bo/la/tarifarios","P2","condicionante","Propuesta de medición; fuente parcial no valida serie completa; requiere muestra o convenio"
"MF_RESERVES_NET","Sector externo","Reservas internacionales netas","Stock RIN con composición y definición oficial; separar transacciones y revalorización","millones USD","mensual propuesta","Bolivia","Capacidad de absorción externa y confianza","0-6 meses","https://www.bcb.gob.bo/?q=content%2Fsector-externo-0","P0","condicionante","Página o documento primario localizado; serie exacta endpoint histórico y derechos pendientes"
"MF_RESERVES_LIQUID","Sector externo","Reservas líquidas por componente","Divisas y activos disponibles según clasificación oficial; no equiparar todo el oro a caja","millones USD","mensual propuesta","Bolivia","Capacidad inmediata de pagos externos","0-3 meses","https://www.bcb.gob.bo/?q=content%2Fsector-externo-0","P0","condicionante","Página o documento primario localizado; serie exacta endpoint histórico y derechos pendientes"
"MF_RESERVE_COVER","Sector externo","Cobertura de importaciones","Reservas seleccionadas divididas entre promedio mensual de importaciones de 12 meses","meses","mensual derivada","Bolivia","Vulnerabilidad ante interrupción de divisas","0-6 meses","https://www.bcb.gob.bo/?q=content%2Fsector-externo-0","P0","condicionante","Página o documento primario localizado; serie exacta endpoint histórico y derechos pendientes"
"MF_REER","Sector externo","Tipo de cambio real efectivo","Índice multilateral oficial con base y pesos identificados","índice","mensual","Bolivia y socios","Competitividad precio y sustitución importadora","3-12 meses","https://www.bcb.gob.bo/?q=content%2Fsector-externo-0","P0","condicionante","Página o documento primario localizado; serie exacta endpoint histórico y derechos pendientes"
"MF_CURRENT_ACCOUNT","Sector externo","Cuenta corriente","Saldo corriente de balanza de pagos sin confundirlo con balanza comercial","millones USD y % PIB","trimestral","Bolivia","Necesidad de financiamiento externo","1-4 trimestres","https://www.bcb.gob.bo/?q=content%2Fsector-externo-0","P0","endogena","Página o documento primario localizado; serie exacta endpoint histórico y derechos pendientes"
"MF_FDI","Sector externo","Inversión extranjera directa","Flujos brutos y netos por actividad cuando disponibles","millones USD","trimestral propuesta","Bolivia y sector","Capital tecnología e inversión productiva","2-8 trimestres","https://www.bcb.gob.bo/?q=content%2Fsector-externo-0","P1","endogena","Página o documento primario localizado; serie exacta endpoint histórico y derechos pendientes"
"MF_EXTERNAL_DEBT","Sector externo","Deuda externa pública por moneda","Saldo por acreedor moneda y plazo sin sumar valorizaciones como desembolso","millones USD","trimestral propuesta","Bolivia","Exposición a dólar y tasas internacionales","1-8 trimestres","https://www.bcb.gob.bo/?q=content%2Fsector-externo-0","P0","condicionante","Página o documento primario localizado; serie exacta endpoint histórico y derechos pendientes"
"MF_DEBT_SERVICE","Sector externo","Calendario de servicio externo","Amortización e intereses contractuales por fecha y moneda","millones USD","mensual propuesta","Bolivia","Demanda predeterminada de divisas","0-24 meses","https://www.bcb.gob.bo/?q=content%2Fsector-externo-0","P0","condicionante","Página o documento primario localizado; serie exacta endpoint histórico y derechos pendientes"
"MF_NET_DISBURSEMENT","Sector externo","Transferencia neta de deuda externa","Desembolsos menos amortización e intereses distinguiendo saldo aprobado de efectivo","millones USD","trimestral propuesta","Bolivia","Liquidez fiscal y externa","0-4 trimestres","https://www.bcb.gob.bo/?q=content%2Fsector-externo-0","P1","condicionante","Página o documento primario localizado; serie exacta endpoint histórico y derechos pendientes"
"MF_REMITTANCES","Remesas","Remesas recibidas","Flujo por país de origen y plaza de pago; moneda y método consistentes","millones USD","mensual propuesta","Bolivia y origen","Ingreso disponible y oferta de divisas","0-3 meses","https://www.bcb.gob.bo/?q=content%2Fsector-externo-0","P0","endogena","Página o documento primario localizado; serie exacta endpoint histórico y derechos pendientes"
"MF_REMIT_ORIGIN_FX","Remesas","Divisa de países emisores","Variación de moneda de países que remiten frente a USD ponderada con pesos rezagados","índice","mensual derivada","España EEUU y socios documentados","Poder de compra de remesas en Bolivia","0-6 meses","https://www.federalreserve.gov/releases/h10/","P1","exogena","Página o documento primario localizado; serie exacta endpoint histórico y derechos pendientes"
"MF_BANK_CROSS_BORDER","Sector externo","Crédito bancario transfronterizo a Bolivia","Posiciones acreedoras de bancos declarantes frente a residentes; confirmar dimensión Bolivia","millones USD","trimestral","Contrapartes Bolivia","Disponibilidad de financiamiento comercial","1-4 trimestres","https://data.bis.org/topics/LBS","P1","condicionante","Página o documento primario localizado; serie exacta endpoint histórico y derechos pendientes"
"MF_TRANSFER_COST","Sector externo","Costo de transferencia internacional","Comisión fija porcentual y tipo de cambio para operación estandarizada","USD y %","mensual propuesta","Bolivia por entidad","Fricciones de pagos de importadores y hogares","0-3 meses","https://asfi.gob.bo/la/tarifarios","P1","condicionante","Página o documento primario localizado; serie exacta endpoint histórico y derechos pendientes"
"MF_USD_BROAD","Mercados globales","Dólar amplio nominal","Índice amplio ponderado comercialmente del USD publicado por la Fed","índice","diaria a mensual","Global","Dólar fuerte commodities y costo importador","0-6 meses","https://www.federalreserve.gov/releases/h10/","P0","exogena","Página o documento primario localizado; serie exacta endpoint histórico y derechos pendientes"
"MF_BRLUSD","Mercados globales","Real brasileño por dólar","Cotización BRL por USD; mantener sentido de unidad","BRL/USD","diaria a mensual","Brasil","Competitividad fronteriza y costo de suministros","0-6 meses","https://www.federalreserve.gov/releases/h10/","P0","exogena","Página o documento primario localizado; serie exacta endpoint histórico y derechos pendientes"
"MF_EURUSD","Mercados globales","Dólares por euro","Cotización USD por EUR; no invertir sin metadato","USD/EUR","diaria a mensual","Zona euro","Remesas importación de capital y turismo","0-6 meses","https://www.federalreserve.gov/releases/h10/","P1","exogena","Página o documento primario localizado; serie exacta endpoint histórico y derechos pendientes"
"MF_CNYUSD","Mercados globales","Renminbi por dólar","Cotización CNY por USD distinguiendo mercado doméstico y exterior","CNY/USD","diaria a mensual","China","Costo de bienes industriales y de consumo","0-6 meses","https://www.federalreserve.gov/releases/h10/","P0","exogena","Página o documento primario localizado; serie exacta endpoint histórico y derechos pendientes"
"MF_FEDFUNDS","Mercados globales","Tasa efectiva federal funds","Tasa efectiva diaria de fondos federales","% anual","diaria a mensual","EEUU","Costo global de financiamiento y apetito por riesgo","0-12 meses","https://www.federalreserve.gov/releases/h15/","P0","exogena","Página o documento primario localizado; serie exacta endpoint histórico y derechos pendientes"
"MF_UST_CURVE","Mercados globales","Curva Tesoro EEUU","Rendimientos comparables a 3 meses 2 años y 10 años y pendiente 10y menos 2y","% anual y puntos básicos","diaria a mensual","EEUU","Descuento de inversiones y costo de deuda","0-12 meses","https://www.federalreserve.gov/releases/h15/","P0","exogena","Página o documento primario localizado; serie exacta endpoint histórico y derechos pendientes"
"MF_UST_REAL","Mercados globales","Rendimiento real Tesoro EEUU","Rendimiento real indexado a inflación en madurez comparable","% anual","diaria a mensual","EEUU","Costo de oportunidad de oro y capital","0-12 meses","https://www.federalreserve.gov/releases/h15/","P1","exogena","Página o documento primario localizado; serie exacta endpoint histórico y derechos pendientes"
"MF_SOFR","Mercados globales","SOFR","Referencia overnight garantizada por valores del Tesoro; conservar convención de capitalización","% anual","diaria","EEUU","Costo de deuda y contratos a tasa variable","0-12 meses","https://www.newyorkfed.org/markets/reference-rates/sofr","P0","exogena","Página o documento primario localizado; serie exacta endpoint histórico y derechos pendientes"
"MF_VIX","Mercados globales","Volatilidad implícita VIX","Índice de volatilidad implícita de opciones del S&P 500 según metodología del titular","puntos índice","diaria a semanal","EEUU y global","Aversión global al riesgo y acceso a financiamiento","0-3 meses","https://www.cboe.com/tradable_products/vix/vix_historical_data/","P1","exogena","Fuente candidata; acceso web no logrado; serie y derechos pendientes"
"MF_GLOBAL_USD_CREDIT","Mercados globales","Liquidez global en USD","Crédito en dólares a prestatarios no bancarios fuera de EEUU","billones USD y % anual","trimestral","Global y emergentes","Condiciones globales de financiamiento","1-4 trimestres","https://data.bis.org/topics/GLI?m=213","P1","exogena","Página o documento primario localizado; serie exacta endpoint histórico y derechos pendientes"
"MF_PARTNER_GROWTH","Demanda externa","Crecimiento de socios","Crecimiento PIB real de Brasil Argentina China EEUU Perú y Chile con pesos comerciales rezagados","% anual","anual por vintage","Socios de Bolivia","Demanda de exportaciones y turismo","1-6 trimestres","https://data.imf.org/en/datasets/IMF.RES%3AWEO","P0","exogena","Página o documento primario localizado; serie exacta endpoint histórico y derechos pendientes"
"MF_PARTNER_INFLATION","Demanda externa","Inflación de socios","IPC promedio de socios por país y agregado con pesos de importación rezagados","% anual","anual por vintage","Socios de Bolivia","Inflación importada y competencia regional","1-6 trimestres","https://data.imf.org/en/datasets/IMF.RES%3AWEO","P1","exogena","Página o documento primario localizado; serie exacta endpoint histórico y derechos pendientes"
"MF_GLOBAL_TRADE","Demanda externa","Crecimiento del comercio mundial","Volumen de comercio de bienes y servicios en agregados WEO; verificar definición","% anual","anual por vintage","Global","Demanda exportadora y restricciones de oferta","1-6 trimestres","https://data.imf.org/en/datasets/IMF.RES%3AWEO","P1","exogena","Página o documento primario localizado; serie exacta endpoint histórico y derechos pendientes"
"MF_FORECAST_REVISION","Demanda externa","Revisión de previsión de socios","Diferencia en previsión del mismo año entre ediciones disponibles en su fecha real","puntos porcentuales","semestral por vintage","Socios de Bolivia","Cambios anticipados de demanda y presupuestos","0-4 trimestres","https://data.imf.org/en/datasets/IMF.RES%3AWEO","P1","exogena","Página o documento primario localizado; serie exacta endpoint histórico y derechos pendientes"
"MF_FISCAL_BALANCE","Fiscal","Resultado fiscal SPNF","Ingresos menos gastos del perímetro SPNF y base contable documentados","millones BOB y % PIB","trimestral propuesta","Bolivia","Demanda agregada y necesidad de financiamiento","0-4 trimestres","https://www.economiayfinanzas.gob.bo/sites/default/files/2023-12/BOLETIN%20TGN%202022.pdf","P0","endogena","Página o documento primario localizado; serie exacta endpoint histórico y derechos pendientes"
"MF_PRIMARY_BALANCE","Fiscal","Resultado primario","Resultado fiscal excluyendo intereses con idéntico perímetro","millones BOB y % PIB","trimestral propuesta","Bolivia","Sostenibilidad fiscal y espacio de gasto","1-8 trimestres","https://www.economiayfinanzas.gob.bo/sites/default/files/2023-12/BOLETIN%20TGN%202022.pdf","P1","endogena","Página o documento primario localizado; serie exacta endpoint histórico y derechos pendientes"
"MF_TAX_REVENUE","Fiscal","Recaudación por tributo","Ingresos tributarios efectivos por IVA IT IUE y otros; netear devoluciones según fuente","millones BOB","mensual propuesta","Bolivia","Actividad demanda y disponibilidad de recursos","0-6 meses","https://www.economiayfinanzas.gob.bo/sites/default/files/2023-12/BOLETIN%20TGN%202022.pdf","P0","endogena","Página o documento primario localizado; serie exacta endpoint histórico y derechos pendientes"
"MF_HYDROCARBON_REVENUE","Fiscal","Ingresos hidrocarburíferos","IDH regalías y otros ingresos identificados sin doble conteo de transferencias","millones BOB","mensual propuesta","Bolivia y departamentos","Gasto subnacional y exposición a gas","1-6 meses","https://www.economiayfinanzas.gob.bo/sites/default/files/2023-12/BOLETIN%20TGN%202022.pdf","P0","condicionante","Página o documento primario localizado; serie exacta endpoint histórico y derechos pendientes"
"MF_PUBLIC_INVESTMENT","Fiscal","Inversión pública ejecutada","Ejecución devengada y pagada por sector y territorio separadas del presupuesto","millones BOB","mensual propuesta","Bolivia y departamento","Demanda de construcción maquinaria y empleo","0-12 meses","https://www.economiayfinanzas.gob.bo/sites/default/files/2023-12/BOLETIN%20TGN%202022.pdf","P0","condicionante","Página o documento primario localizado; serie exacta endpoint histórico y derechos pendientes"
"MF_PUBLIC_ARREARS","Fiscal","Atrasos de pagos públicos","Obligaciones vencidas verificadas por antigüedad; no inferir de presupuesto sin ejecutar","millones BOB y días","trimestral propuesta","Bolivia y entidad","Liquidez de proveedores y morosidad","0-6 meses","https://www.economiayfinanzas.gob.bo/sites/default/files/2023-12/BOLETIN%20TGN%202022.pdf","P2","condicionante","Propuesta de medición; fuente parcial no valida serie completa; requiere muestra o convenio"
"MF_DOMESTIC_DEBT","Fiscal","Deuda interna TGN","Saldo por tenedor moneda e instrumento; respetar exclusión de deuda intrasector BCB","millones BOB","mensual","Bolivia","Absorción de ahorro y refinanciamiento","1-12 meses","https://economiayfinanzas.gob.bo/viceministerios/vtcp/deuda-interna-tgn","P0","condicionante","Página o documento primario localizado; serie exacta endpoint histórico y derechos pendientes"
"MF_DOMESTIC_SERVICE","Fiscal","Servicio de deuda interna","Pagos previstos y realizados de principal e interés por instrumento","millones BOB","mensual propuesta","Bolivia","Liquidez presupuestaria y demanda de títulos","0-12 meses","https://economiayfinanzas.gob.bo/viceministerios/vtcp/deuda-interna-tgn","P1","condicionante","Página o documento primario localizado; serie exacta endpoint histórico y derechos pendientes"
"MF_CENTRAL_BANK_GOV_CREDIT","Monetario","Crédito del BCB al sector público","Stock bruto y neto identificando depósitos contrapartida y perímetro","millones BOB","mensual","Bolivia","Expansión monetaria y financiamiento fiscal","1-12 meses","https://www.bcb.gob.bo/?q=node%2F237525","P0","condicionante","Página o documento primario localizado; serie exacta endpoint histórico y derechos pendientes"
"MF_SUBSIDY_BURDEN","Fiscal","Costo fiscal de subsidios","Gasto devengado y pagado por programa; separar estimación económica de partida presupuestaria","millones BOB y % PIB","trimestral propuesta","Bolivia","Sensibilidad fiscal a shocks de importación","0-12 meses","https://www.economiayfinanzas.gob.bo/sites/default/files/2023-12/BOLETIN%20TGN%202022.pdf","P1","condicionante","Página o documento primario localizado; serie exacta endpoint histórico y derechos pendientes"
"MF_MONETARY_BASE","Monetario","Base monetaria","Saldo y determinantes según definición oficial","millones BOB","mensual","Bolivia","Liquidez y demanda nominal","0-12 meses","https://www.bcb.gob.bo/?q=node%2F237525","P0","condicionante","Página o documento primario localizado; serie exacta endpoint histórico y derechos pendientes"
"MF_MONEY_AGGREGATES","Monetario","Agregados monetarios","M1 M2 y agregados amplios manteniendo monedas y definición oficial","millones BOB y % anual","mensual","Bolivia","Capacidad transaccional e inflación","1-12 meses","https://www.bcb.gob.bo/?q=node%2F237525","P0","condicionante","Página o documento primario localizado; serie exacta endpoint histórico y derechos pendientes"
"MF_RESERVE_REQUIREMENT","Monetario","Encaje efectivo y normativo","Tasa por moneda base y componente con vigencia de cada regla","%","por evento y mensual","Bolivia","Oferta prestable y costo de intermediación","0-6 meses","https://www.bcb.gob.bo/?q=node%2F237525","P1","condicionante","Página o documento primario localizado; serie exacta endpoint histórico y derechos pendientes"
"MF_DEPOSITS","Banca","Depósitos por moneda plazo y territorio","Saldos por modalidad y moneda; separar tipo de cambio de variación transaccional","millones BOB","mensual","Bolivia y departamento","Fondeo bancario y confianza","0-6 meses","https://www.asfi.gob.bo/pb/series-historicas-depositos-del-publico-y-cartera-creditos","P0","condicionante","Página o documento primario localizado; serie exacta endpoint histórico y derechos pendientes"
"MF_CREDIT_SECTOR","Banca","Crédito por actividad y tamaño","Cartera por actividad destino tamaño empresarial tipo de entidad y moneda","millones BOB","mensual","Bolivia sector y entidad","Financiamiento productivo y exposición sectorial","1-12 meses","https://www.asfi.gob.bo/pb/series-historicas-depositos-del-publico-y-cartera-creditos","P0","condicionante","Página o documento primario localizado; serie exacta endpoint histórico y derechos pendientes"
"MF_NPL","Banca","Mora por sector y producto","Cartera vencida y en ejecución dividida entre cartera comparable","%","mensual","Bolivia sector y entidad","Estrés de hogares empresas y canal crédito","1-12 meses","https://www.asfi.gob.bo/pb/boletines-estadisticos","P0","endogena","Página o documento primario localizado; serie exacta endpoint histórico y derechos pendientes"
"MF_RESTRUCTURED","Banca","Cartera reprogramada y refinanciada","Saldo y proporción por categoría conservando definición regulatoria","millones BOB y %","mensual propuesta","Bolivia y tipo entidad","Estrés previo o distinto a mora reconocida","0-12 meses","https://www.asfi.gob.bo/pb/boletines-estadisticos","P1","condicionante","Página o documento primario localizado; serie exacta endpoint histórico y derechos pendientes"
"MF_PROVISION_COVER","Banca","Cobertura de previsiones","Previsiones computables divididas entre cartera en mora según fórmula ASFI","%","mensual","Bolivia y entidad","Capacidad de absorber pérdidas","0-12 meses","https://www.asfi.gob.bo/pb/boletines-estadisticos","P1","condicionante","Página o documento primario localizado; serie exacta endpoint histórico y derechos pendientes"
"MF_CAPITAL","Banca","Adecuación patrimonial","Patrimonio regulatorio sobre activos ponderados por riesgo según fórmula vigente","%","mensual propuesta","Bolivia y entidad","Restricción a crecimiento crediticio","0-12 meses","https://www.asfi.gob.bo/pb/boletines-estadisticos","P1","condicionante","Página o documento primario localizado; serie exacta endpoint histórico y derechos pendientes"
"MF_BANK_LIQUIDITY","Banca","Liquidez por moneda y vencimiento","Activos líquidos sobre obligaciones de plazo comparable según indicador oficial","%","mensual","Bolivia y entidad","Capacidad de retiros y nuevos préstamos","0-6 meses","https://www.asfi.gob.bo/pb/boletines-estadisticos","P0","condicionante","Página o documento primario localizado; serie exacta endpoint histórico y derechos pendientes"
"MF_LOAN_RATES","Banca","Tasas activas efectivas","Tasa por moneda plazo producto y tipo de cliente con ponderación explícita","% anual","mensual propuesta","Bolivia","Costo de capital de trabajo y consumo","0-12 meses","https://www.asfi.gob.bo/pb/boletines-estadisticos","P0","condicionante","Página o documento primario localizado; serie exacta endpoint histórico y derechos pendientes"
"MF_DEPOSIT_RATES","Banca","Tasas pasivas efectivas","Tasa por moneda plazo instrumento y tipo de entidad","% anual","mensual propuesta","Bolivia","Costo de fondeo y elección de ahorro","0-6 meses","https://www.asfi.gob.bo/pb/boletines-estadisticos","P1","condicionante","Página o documento primario localizado; serie exacta endpoint histórico y derechos pendientes"
"MF_MICROCREDIT","Microfinanzas","Microcrédito e IFD","Saldo mora y número de prestatarios por tipo de entidad; IFD no equivale a todo microcrédito","BOB personas y %","mensual propuesta","Bolivia y territorio","Capital de trabajo de pequeñas unidades","1-12 meses","https://www.asfi.gob.bo/pb/boletines-estadisticos","P0","condicionante","Página o documento primario localizado; serie exacta endpoint histórico y derechos pendientes"
"MF_CREDIT_CONCENTRATION","Banca","Concentración de exposición","Herfindahl por sector de cartera y participación de mayores sectores; no inferir deudores individuales","índice y %","mensual derivada","Bolivia y tipo entidad","Amplificación de shocks sectoriales","1-12 meses","https://www.asfi.gob.bo/pb/boletines-estadisticos","P1","condicionante","Página o documento primario localizado; serie exacta endpoint histórico y derechos pendientes"
"MF_FINANCIAL_ACCESS","Inclusión","Puntos de atención y cuentas","Puntos de atención y cuentas por población; cuentas no equivalen a personas únicas","número y por 10000 adultos","trimestral propuesta","Bolivia y municipio","Acceso a pagos ahorro y crédito","2-8 trimestres","https://www.asfi.gob.bo/pb/boletines-estadisticos","P2","condicionante","Página o documento primario localizado; serie exacta endpoint histórico y derechos pendientes"
"MF_FUNDS_ASSETS","Capitales locales","Cartera y liquidez de fondos","Patrimonio neto liquidez y composición por emisor moneda y duración disponible","millones BOB y %","mensual propuesta","Bolivia y fondo","Demanda de títulos y riesgo de rescates","0-6 meses","https://www.asfi.gob.bo/la/reportes-dinamicos","P1","condicionante","Página o documento primario localizado; serie exacta endpoint histórico y derechos pendientes"
"MF_FUNDS_RETURN","Capitales locales","Rendimiento de fondos","Retorno por ventana y moneda con comisiones y anualización documentadas","%","mensual propuesta","Bolivia y fondo","Costo de oportunidad del ahorro","0-6 meses","https://www.asfi.gob.bo/la/reportes-dinamicos","P1","condicionante","Página o documento primario localizado; serie exacta endpoint histórico y derechos pendientes"
"MF_INSURANCE_PREMIUM","Seguros","Primas por ramo","Producción de seguros por ramo distinguiendo prima emitida cobrada y neta","millones BOB","trimestral propuesta","Bolivia y ramo","Protección financiera y actividad asegurada","1-4 trimestres","https://www.aps.gob.bo/index.php/component/rsfiles/Descargar?Itemid=437&path=UPCC%2Fboletines%2Ftrimestrales%2F2025%2FSeguros%2FBoletin+Trimestral+Estadistico+de+Seguros+-+2do+Trimestre.pdf","P1","condicionante","Página o documento primario localizado; serie exacta endpoint histórico y derechos pendientes"
"MF_INSURANCE_CLAIMS","Seguros","Siniestros y siniestralidad","Siniestros pagados e incurridos por ramo y ratio con prima compatible","millones BOB y %","trimestral propuesta","Bolivia y ramo","Pérdidas por clima accidentes y salud","0-4 trimestres","https://www.aps.gob.bo/index.php/component/rsfiles/Descargar?Itemid=437&path=UPCC%2Fboletines%2Ftrimestrales%2F2025%2FSeguros%2FBoletin+Trimestral+Estadistico+de+Seguros+-+2do+Trimestre.pdf","P1","endogena","Página o documento primario localizado; serie exacta endpoint histórico y derechos pendientes"
"MF_REINSURANCE","Seguros","Dependencia de reaseguro","Prima cedida y recuperaciones por ramo; costos específicos requieren contratos o reporte autorizado","% y millones BOB","trimestral propuesta","Bolivia y exterior","Transmisión de costo global de cobertura","1-4 trimestres","https://www.aps.gob.bo/index.php/component/rsfiles/Descargar?Itemid=437&path=UPCC%2Fboletines%2Ftrimestrales%2F2025%2FSeguros%2FBoletin+Trimestral+Estadistico+de+Seguros+-+2do+Trimestre.pdf","P2","condicionante","Página o documento primario localizado; serie exacta endpoint histórico y derechos pendientes"
"MF_PENSION_ASSETS","Pensiones","Cartera previsional","Activos administrados por instrumento emisor moneda y plazo según reporte regulatorio","millones BOB y %","mensual propuesta","Bolivia","Demanda estructural de deuda pública y privada","1-8 trimestres","https://www.aps.gob.bo/","P1","condicionante","Institución identificada; cuadro específico endpoint cobertura y derechos pendientes"
"MF_PENSION_CONTRIBUTORS","Pensiones","Aportantes efectivos","Contribuyentes que realizaron aporte en periodo separando afiliados acumulados","personas y % afiliados","mensual propuesta","Bolivia","Formalidad y recaudación previsional","1-4 trimestres","https://www.aps.gob.bo/","P1","endogena","Institución identificada; cuadro específico endpoint cobertura y derechos pendientes"
"MF_PENSION_REAL_RETURN","Pensiones","Rentabilidad real previsional","Retorno nominal compatible deflactado por IPC de igual periodo","% real","trimestral derivada","Bolivia","Poder adquisitivo futuro y asignación de ahorro","2-12 trimestres","https://www.aps.gob.bo/","P2","endogena","Institución identificada; cuadro específico endpoint cobertura y derechos pendientes"
"MF_UNEMPLOYMENT","Hogares y empleo","Desocupación","Tasa con universo edad y cobertura urbana o nacional explícitos","% fuerza laboral","trimestral","Bolivia dominios ECE","Ingreso consumo y riesgo crediticio","0-4 trimestres","https://www.ine.gob.bo/index.php/boletines-estadisticos-ece/","P0","endogena","Página o documento primario localizado; serie exacta endpoint histórico y derechos pendientes"
"MF_PARTICIPATION","Hogares y empleo","Participación laboral","Fuerza laboral sobre población en edad de trabajar por sexo edad y dominio","%","trimestral","Bolivia dominios ECE","Oferta laboral y presión sobre ingresos","1-4 trimestres","https://www.ine.gob.bo/index.php/boletines-estadisticos-ece/","P1","condicionante","Página o documento primario localizado; serie exacta endpoint histórico y derechos pendientes"
"MF_LABOUR_INCOME","Hogares y empleo","Ingreso laboral real mediano","Mediana ponderada de ingresos laborales deflactada; preservar ceros y tratamiento de no respuesta","BOB constantes","trimestral propuesta","Bolivia dominios ECE","Consumo y capacidad de servicio de deuda","0-4 trimestres","https://www.ine.gob.bo/index.php/boletines-estadisticos-ece/","P0","endogena","Página o documento primario localizado; serie exacta endpoint histórico y derechos pendientes"
"MF_UNDEREMPLOYMENT","Hogares y empleo","Subocupación por horas","Población ocupada con insuficiencia de horas según definición de encuesta","% ocupados","trimestral propuesta","Bolivia dominios ECE","Fragilidad del ingreso oculta en desempleo","0-4 trimestres","https://www.ine.gob.bo/index.php/boletines-estadisticos-ece/","P1","endogena","Página o documento primario localizado; serie exacta endpoint histórico y derechos pendientes"
"MF_INFORMALITY","Hogares y empleo","Empleo informal","Proporción según definición OIT preservando cambio entre estándares CIST","% ocupados","anual propuesta","Bolivia y sector disponible","Productividad protección social y transmisión de shocks","1-8 trimestres","https://ilostat.ilo.org/es/data/?cat_mode=subject","P0","condicionante","Página o documento primario localizado; serie exacta endpoint histórico y derechos pendientes"
"MF_EMPLOYMENT_SECTOR","Hogares y empleo","Empleo por actividad y categoría","Ocupados por actividad cuenta propia asalariado sexo y edad con diseño muestral","personas y %","trimestral","Bolivia dominios ECE","Exposición laboral diferenciada por sector","0-4 trimestres","https://www.ine.gob.bo/index.php/boletines-estadisticos-ece/","P0","endogena","Página o documento primario localizado; serie exacta endpoint histórico y derechos pendientes"
"MF_WAGE_POLICY","Hogares y empleo","Salario mínimo y ajuste salarial","Monto y porcentaje legal por fecha anuncio aprobación y vigencia","BOB/mes y %","por evento","Bolivia","Costo laboral formal y poder de compra","0-12 meses","https://www.gacetaoficialdebolivia.gob.bo/","P1","condicionante","Fuente candidata; acceso web no logrado; serie y derechos pendientes"
"MF_REMIT_ORIGIN_UNEMPLOYMENT","Remesas","Desempleo en países emisores","Tasa de desempleo por país emisor ponderada por remesas de periodo previo","%","anual por vintage","Países emisores","Ingreso de migrantes y remesas futuras","1-4 trimestres","https://data.imf.org/en/datasets/IMF.RES%3AWEO","P1","exogena","Página o documento primario localizado; serie exacta endpoint histórico y derechos pendientes"
"MF_GDP_SECTOR","Actividad macro","PIB real sectorial","Volumen encadenado por actividad y base documentada; no sumar niveles encadenados sin método","índice y % crecimiento","trimestral y anual","Bolivia","Resultado sectorial para validar impactos","0-8 trimestres","https://www.ine.gob.bo/referencia2017/indice_2.html","P0","endogena","Página o documento primario localizado; serie exacta endpoint histórico y derechos pendientes"
"MF_HOUSEHOLD_CONSUMPTION","Actividad macro","Consumo privado real","Gasto final real de hogares según cuentas nacionales y versión estadística","índice y % crecimiento","trimestral propuesta","Bolivia","Demanda de comercio servicios y manufacturas","0-4 trimestres","https://www.ine.gob.bo/referencia2017/indice_2.html","P0","endogena","Página o documento primario localizado; serie exacta endpoint histórico y derechos pendientes"
"MF_FIXED_INVESTMENT","Actividad macro","Formación bruta de capital fijo","Inversión real por componente disponible conservando perímetro y revisiones","índice y % crecimiento","trimestral propuesta","Bolivia","Demanda de capital y capacidad futura","1-8 trimestres","https://www.ine.gob.bo/referencia2017/indice_2.html","P1","endogena","Página o documento primario localizado; serie exacta endpoint histórico y derechos pendientes"
"MF_CPI_DIVISIONS","Actividad macro","IPC por división y ciudad","Índice oficial por división y dominio con ponderaciones y base","índice y % mensual","mensual","Bolivia y ciudades cubiertas","Inflación sectorial y costo de vida","0-12 meses","https://www.ine.gob.bo/","P0","endogena","Institución identificada; cuadro específico endpoint cobertura y derechos pendientes"
"MF_INFLATION_DIFFUSION","Actividad macro","Difusión y persistencia inflacionaria","Porcentaje ponderado de componentes que suben y persistencia a 3 meses con panel estable","% y puntos porcentuales","mensual derivada","Bolivia","Amplitud de transmisión de shocks","0-6 meses","https://www.ine.gob.bo/","P1","endogena","Institución identificada; cuadro específico endpoint cobertura y derechos pendientes"
"MF_IMPORT_PROPENSITY","Exposición estructural","Contenido importado sectorial","Coeficientes de insumo importado sobre producción derivados de cuadros oferta utilización","%","anual o benchmark","Bolivia y sector","Multiplicador de shocks de divisas y costos","1-12 meses","https://www.ine.gob.bo/referencia2017/indice_2.html","P1","condicionante","Página o documento primario localizado; serie exacta endpoint histórico y derechos pendientes"
"MF_TRADE_RULES","Regulatorio","Cambios de aranceles cuotas y permisos","Evento codificado por producto norma fecha anuncio y vigencia; tasas legales no inventadas","evento y % si aplica","por evento","Bolivia y producto","Costo acceso a mercado e incentivos comerciales","0-12 meses","https://www.gacetaoficialdebolivia.gob.bo/","P0","condicionante","Fuente candidata; acceso web no logrado; serie y derechos pendientes"
"MF_FINANCIAL_RULES","Regulatorio","Cambios de reglas financieras","Evento de encaje topes cuotas diferimientos y requisitos con versión legal","evento y parámetro","por evento","Bolivia y entidades","Transmisión de crédito fondeo y pagos","0-12 meses","https://www.gacetaoficialdebolivia.gob.bo/","P1","condicionante","Fuente candidata; acceso web no logrado; serie y derechos pendientes"
"MF_TAX_RULES","Regulatorio","Cambios tributarios y devoluciones","Norma codificada por tasa base régimen beneficiario y vigencia efectiva","evento y % si aplica","por evento","Bolivia por actividad","Margen empresarial e inversión","0-24 meses","https://www.gacetaoficialdebolivia.gob.bo/","P1","condicionante","Fuente candidata; acceso web no logrado; serie y derechos pendientes"
"MF_POLICY_EVENT_CALENDAR","Riesgo institucional","Calendario de decisiones económicas","Anuncios aprobaciones vigencias y vencimientos de normas; separar expectativas de norma ejecutada","evento y días","por evento","Bolivia","Anticipación o postergación de inversión","0-12 meses","https://www.gacetaoficialdebolivia.gob.bo/","P1","condicionante","Fuente candidata; acceso web no logrado; serie y derechos pendientes"
"MF_REGULATORY_UNCERTAINTY","Riesgo institucional","Incertidumbre regulatoria documentada","Conteo de cambios sustantivos y plazos de transición con protocolo de codificación y revisión humana","eventos por mes y días","mensual derivada","Bolivia y sector","Costo de cumplimiento y espera de inversión","1-12 meses","https://www.gacetaoficialdebolivia.gob.bo/","P2","condicionante","Fuente candidata; acceso web no logrado; serie y derechos pendientes"
"MF_EXTERNAL_POLICY_SHOCK","Riesgo externo","Shock de política comercial de socios","Cambios de reglas externas que afectan productos bolivianos; norma oficial por jurisdicción","evento y % arancel","por evento","Socios por producto","Demanda externa desvío comercial y precio neto","0-24 meses","","P2","exogena","Pendiente descubrir fuente normativa primaria por socio; WEO no es fuente normativa"
"MF_ARSUSD","Mercados globales","Peso argentino por dólar","Cotización oficial con régimen y mercado identificados; no equiparar a cotización financiera o informal","ARS/USD","diaria a mensual","Argentina","Costo de alimentos importados comercio fronterizo y turismo","0-6 meses","https://www.bcra.gob.ar/catalogo_de_datos/principales-variables-monetarias-y-financieras/","P0","exogena","Página primaria localizada; código endpoint histórico derechos y reutilización de serie existente pendientes"
"MF_CLPUSD","Mercados globales","Peso chileno por dólar","Dólar observado según metodología del Banco Central de Chile","CLP/USD","diaria a mensual","Chile","Costos portuarios compras y turismo","0-6 meses","https://www.bcentral.cl/es/web/banco-central/areas/estadisticas/tipos-de-cambios-y-paridades","P0","exogena","Página primaria localizada; código endpoint histórico derechos y reutilización de serie existente pendientes"
"MF_PENUSD","Mercados globales","Sol peruano por dólar","Cotización por mercado y punta identificados en BCRP","PEN/USD","diaria a mensual","Perú","Comercio fronterizo alimentos y servicios","0-6 meses","https://estadisticas.bcrp.gob.pe/estadisticas/series/diarias","P0","exogena","Página primaria localizada; código endpoint histórico derechos y reutilización de serie existente pendientes"
