"id","sector","variable","definicion","unidad","frecuencia","geografia","canal","rezago_hipotesis","fuente_url","prioridad","rol","disponibilidad"
"PRD_AG01","Agricultura-soya","Precios del complejo soya","Grano aceite y harina como series separadas por especificación","USD/t","mensual","referencias mundiales","Ingresos exportadores y costo del balanceado boliviano","0-6 meses","https://www.worldbank.org/en/research/commodity-markets","P0","EXTERNO para ingreso agroexportador","EXISTENTE parcial; verificar columnas y vigencia"
"PRD_AG02","Agricultura-soya","Margen teórico de molienda","Valor de coproductos menos grano usando rendimientos técnicos documentados sin costos locales","USD/t de grano","mensual","referencias mundiales","Incentivo de industrialización y presión sobre margen aceitero","0-3 meses","https://www.worldbank.org/en/research/commodity-markets","P1","DERIVADO EXTERNO; no margen observado local","DERIVABLE; requiere parámetros por tecnología"
"PRD_AG03","Agricultura-soya","Oferta competidora sudamericana","Producción y exportación de soya de Brasil Argentina Paraguay por campaña","t; variación %","campaña con revisiones mensuales","país competidor","Competencia por demanda y sustitución de origen","1-12 meses","https://fas.usda.gov/data/databases-applications","P0","EXTERNO para volumen exportado boliviano","FUENTE VERIFICADA; cobertura producto-país por validar"
"PRD_AG04","Agricultura-soya","Inventarios relativos globales","Existencias finales divididas por consumo de soya maíz trigo y arroz","%","campaña con revisiones mensuales","mundo excluyendo Bolivia cuando posible","Tensión de oferta que modula volatilidad de precios","1-6 meses","https://fas.usda.gov/data/databases-applications","P0","DERIVADO EXTERNO para precios bolivianos","DERIVABLE; congelar vintage y año comercial"
"PRD_AG05","Agricultura-cereales","Precios regionales de cereales","Trigo maíz arroz y sorgo por origen calidad y mercado","USD/t","mensual","Argentina Brasil y referentes globales","Costo de harina pan alimento balanceado y competencia local","0-6 meses","https://www.fao.org/giews/food-prices/home/en/","P0","EXTERNO para costo alimentario boliviano","EXISTENTE parcial; no suponer cobertura de toda combinación"
"PRD_AG06","Agricultura-cereales","Balance físico de campañas vecinas","Producción consumo importaciones exportaciones de trigo maíz arroz y sorgo","t","campaña con revisión mensual","Brasil Argentina Paraguay Perú","Oferta disponible de importación y desvío de demanda","1-12 meses","https://fas.usda.gov/data/databases-applications","P1","EXTERNO para disponibilidad de importación","FUENTE VERIFICADA; confirmar cobertura por país y cereal"
"PRD_AG07","Agricultura-quinua","Demanda externa de quinua por destino","Importaciones reportadas por compradores con Bolivia y competidores identificados","t; USD","mensual objetivo; anual inicial","destinos y Perú","Demanda y competencia para quinua del altiplano","1-6 meses","https://comtradeplus.un.org/","P1","EXTERNO si excluye compras a Bolivia; RESULTADO para cuota propia","CANDIDATA; validar HS y peso neto y cobertura mensual"
"PRD_AG08","Agricultura-quinua","Valor unitario competidor de quinua","Valor exportado peruano dividido por masa neta en partida homogénea","USD/kg","mensual objetivo; anual inicial","Perú por destino","Presión competitiva sobre precio de exportación boliviano","0-3 meses","https://comtradeplus.un.org/","P1","PROXY EXTERNO para precio boliviano","DERIVABLE; sesgo de calidad y mezcla contractual"
"PRD_AG09","Agricultura-cafe-cacao","Referencias de café y cacao","Arábica robusta y cacao separados sin equiparar lotes de especialidad","USD/kg","mensual","mercados de referencia","Precio base de exportación de Yungas y Amazonía","0-6 meses","https://www.worldbank.org/en/research/commodity-markets","P0","EXTERNO para ingreso local","EXISTENTE parcial; robusta como sustituto"
"PRD_AG10","Agricultura-cafe-cacao","Oferta mundial de tropicales","Producción y exportaciones de café cacao por países competidores","t","anual; campaña donde exista","Brasil Colombia África occidental","Escasez competidora y sustitución de origen","3-12 meses","https://www.fao.org/statistics/en/","P1","EXTERNO para exportación boliviana","FUENTE VERIFICADA; cobertura y calendario por validar"
"PRD_AG11","Agricultura-especialidades","Prima de calidad y certificación","Diferencia contractual frente al benchmark según calidad orgánico y trazabilidad","USD/kg; %","por contrato; mensual agregado","lote y destino Bolivia","Explica ingreso neto de café cacao quinua castaña","0-6 meses","https://comtradeplus.un.org/","P2","ENDOGENO de calidad y negociación; no precio exógeno","NO DISPONIBLE como serie directa; Comtrade sólo contexto"
"PRD_AG12","Agricultura-cana","Precio mundial de azúcar","Referencia mundial separada de mercado protegido y azúcar refinado","USD/kg","mensual","referencia mundial","Paridad exportadora e incentivo de zafra","0-12 meses","https://www.worldbank.org/en/research/commodity-markets","P0","EXTERNO para ingresos azucareros","EXISTENTE; auditar especificación y base"
"PRD_AG13","Agricultura-cana","Competencia azúcar-etanol","Relación de valor energético del etanol y valor de azúcar con coeficientes publicados","índice; USD equivalente","mensual","Brasil y mercado externo","Asignación de caña y costo de oportunidad regional","1-9 meses","https://www.eia.gov/petroleum/data.php","P1","DERIVADO EXTERNO sólo con mercado representativo","CANDIDATA; EIA ofrece etanol estadounidense no brasileño; falta fuente local equivalente"
"PRD_AG14","Agricultura-frutas","Demanda vecina de fruta fresca","Importaciones de banano cítricos piña y fruta de clima templado por partida y origen","t; USD","mensual objetivo","Argentina Chile Brasil Perú","Demanda exportadora y presión competitiva en fruta boliviana","0-3 meses","https://comtradeplus.un.org/","P1","EXTERNO excluyendo oferta boliviana; RESULTADO cuota propia","CANDIDATA; validar estacionalidad y HS por fruta"
"PRD_AG15","Agricultura-hortalizas","Abastecimiento y precio mayorista perecedero","Precios y cantidades de tomate cebolla papa y otras hortalizas por plaza","Bs/kg; t","semanal objetivo; mensual inicial","ciudad y mercado Bolivia","Validación de shock de oferta y traslado a consumidor","0-2 meses","https://www.fao.org/giews/food-prices/home/en/","P0","RESULTADO local; predictor rezagado condicionado","EXISTENTE parcial de precios; cantidades no verificadas"
"PRD_AG16","Agricultura-fertilizantes","Fertilizantes por nutriente","Urea fosfatos y potasa con precio por producto y conversión a nutriente","USD/t producto; USD/kg nutriente","mensual","mercado mundial y orígenes","Costo de siembra y competitividad de fertilizante boliviano","1-9 meses","https://www.worldbank.org/en/research/commodity-markets","P0","EXTERNO para costo agrícola; precio de exportación contextual","EXISTENTE precios; conversión DERIVABLE con concentración verificada"
"PRD_AG17","Agricultura-insumos","Agroquímicos importados","Valor unitario de herbicidas insecticidas fungicidas por formulación cuando posible","USD/kg","mensual objetivo; anual inicial","origen de importación Bolivia","Costo de control de maleza y plagas","1-6 meses","https://comtradeplus.un.org/","P1","PROXY ENDOGENO de costo puesto en frontera","CANDIDATA; concentración y mezcla impiden precio homogéneo"
"PRD_AG18","Agricultura-insumos","Disponibilidad de semillas","Masa y valor de semillas importadas por especie y tipo","kg; USD","mensual objetivo","Bolivia por origen","Acceso a insumos antes de siembra y adopción tecnológica","1-12 meses","https://comtradeplus.un.org/","P1","PREDETERMINADO estacional; compra responde a expectativas","CANDIDATA; validar códigos y separar grano de semilla"
"PRD_AG19","Agricultura-capital","Maquinaria agrícola importada","Unidades y valor de tractores cosechadoras riego y repuestos","unidades; USD","mensual objetivo","Bolivia por origen","Capacidad futura y exposición a costos externos","3-24 meses","https://comtradeplus.un.org/","P1","ENDOGENO inversión; exposición predeterminada si base fija","CANDIDATA; unidades suplementarias heterogéneas"
"PRD_AG20","Agricultura-territorio","Área sembrada por campaña","Hectáreas por cultivo departamento y campaña de verano e invierno","ha","campaña; anual","Bolivia departamento","Ponderación territorial de shocks y separación margen extensivo","0-12 meses","https://www.ine.gob.bo/index.php/estadisticas-economicas/agropecuaria/","P0","EXPOSICION PREDETERMINADA sólo área previa; área corriente endógena","FUENTE VERIFICADA; desagregación por campaña a validar"
"PRD_AG21","Agricultura-territorio","Producción y rendimiento observados","Toneladas y toneladas por hectárea por cultivo y departamento","t; t/ha","anual agrícola","Bolivia departamento","Resultado a pronosticar y contrastar con shocks climáticos","contemporáneo; validación posterior","https://www.ine.gob.bo/index.php/estadisticas-economicas/agropecuaria/","P0","RESULTADO; prohibido usar futuro como driver","FUENTE VERIFICADA; fechas de publicación por auditar"
"PRD_AG22","Agricultura-agua","Exposición de cultivos al riego","Área equipada para riego y proporción de superficie por cultivo si existe","ha; %","estructural; actualización irregular","Bolivia y cuenca si disponible","Amortigua sequía y cambia sensibilidad del rendimiento","12-60 meses","https://www.fao.org/aquastat/en/","P1","EXPOSICION estructural; inversión endógena a largo plazo","FUENTE VERIFICADA; no afirmar detalle municipal ni anual"
"PRD_AG23","Agricultura-plagas","Presión fitosanitaria regional","Eventos de plagas por especie cultivo ubicación y fecha de detección","evento; ha afectada si publicada","evento; semanal objetivo","países vecinos y Bolivia","Riesgo de rendimiento y restricciones comerciales","0-6 meses","https://www.ippc.int/en/countries/reportingsystem-summary/all/","P2","SHOCK CONDICIONAL; detección depende de vigilancia","FUENTE VERIFICADA boletines; cobertura Bolivia región y área afectada por validar"
"PRD_AG24","Agricultura-margenes","Margen agrícola estandarizado por cadena","Ingreso de rendimiento fijo menos canasta de semillas fertilizante energía y logística","USD/ha; índice","mensual y campaña","arquetipo productivo boliviano","Comparar sensibilidad económica de soya trigo quinua papa café cacao caña","1-12 meses","https://www.worldbank.org/en/research/commodity-markets","P1","ESCENARIO DERIVADO; margen realizado es resultado","DERIVABLE parcialmente; requiere costos técnicos locales y supuestos visibles"
"PRD_LV01","Pecuario-bovino","Precio exportador competidor bovino","Precio brasileño separado de referencia australiana neozelandesa","USD/kg","mensual","Brasil y mercados globales","Ingreso potencial de ganadería y frigoríficos bolivianos","1-6 meses","https://www.fao.org/giews/food-prices/home/en/","P0","EXTERNO para ingreso exportador local","EXISTENTE parcial; validar corte y base carcasa"
"PRD_LV02","Pecuario-alimentacion","Costo de ración por especie","Canasta técnica maíz soya sorgo minerales por pollo cerdo vacuno leche y peces","USD/t ración; índice","mensual","benchmark y arquetipo Bolivia","Costo variable de proteína animal y presión en precios","1-6 meses","https://www.worldbank.org/en/research/commodity-markets","P0","DERIVADO EXTERNO con ponderaciones técnicas fijas","DERIVABLE; recetas locales y costos faltantes a verificar"
"PRD_LV03","Avicultura-sanidad","Brotes regionales de influenza aviar","Focos por fecha de inicio y reporte distinguiendo aves comerciales silvestres y otros huéspedes","eventos; aves afectadas","evento; semanal agregado","Bolivia vecinos y exportadores","Mortalidad restricciones y encarecimiento de carne huevos y genética","0-6 meses","https://www.woah.org/en/what-we-do/animal-health-and-welfare/disease-data-collection/world-animal-health-information-system/","P0","SHOCK CONDICIONAL; exposición previa necesaria","FUENTE VERIFICADA; exportación histórica y reporte por validar"
"PRD_LV04","Pecuario-sanidad","Brotes de enfermedades ganaderas","Fiebre aftosa peste porcina y eventos relevantes separados por especie","eventos; animales afectados","evento; semanal agregado","Bolivia y vecinos","Pérdida productiva y acceso a mercados","0-12 meses","https://www.woah.org/en/what-we-do/animal-health-and-welfare/disease-data-collection/world-animal-health-information-system/","P1","SHOCK CONDICIONAL; prevalencia observada no aleatoria","FUENTE VERIFICADA; distinguir sospecha confirmación y simulacro"
"PRD_LV05","Lecheria","Referencias internacionales de lácteos","Leche en polvo entera descremada mantequilla y queso separados","USD/t","mensual","Oceanía Europa y referencias regionales","Costo de sustitutos importados y paridad industrial","1-6 meses","https://www.fao.org/giews/food-prices/home/en/","P0","EXTERNO para precio industrial local","EXISTENTE parcial; no precio de leche cruda"
"PRD_LV06","Pecuario-reproduccion","Genética y material reproductivo importado","Pollitos reproductores animales de raza semen y huevos fértiles por especie","unidades; USD","mensual objetivo","Bolivia por origen","Oferta futura con distintos ciclos biológicos","2-36 meses según especie","https://comtradeplus.un.org/","P1","PREDETERMINADO condicional; inversión endógena","CANDIDATA; detalle HS y cobertura de unidades a validar"
"PRD_LV07","Pecuario-stock","Existencias y estructura del hato","Cabezas por especie y edad sexo si publicados","cabezas","anual","Bolivia departamento","Exposición productiva y ciclo de oferta de carne leche huevos fibra","3-36 meses","https://www.ine.gob.bo/index.php/estadisticas-economicas/agropecuaria/","P0","EXPOSICION rezagada; resultado estructural","FUENTE VERIFICADA; categorías y cobertura por validar"
"PRD_LV08","Pecuario-resultados","Faena leche huevos y productos apícolas","Volúmenes físicos separados por producto y especie","cabezas; litros; unidades; kg","mensual objetivo; anual según publicación","Bolivia departamento","Resultados para evaluar traspaso de alimentación clima y sanidad","contemporáneo","https://www.ine.gob.bo/index.php/estadisticas-economicas/agropecuaria/","P0","RESULTADO; evitar inclusión contemporánea explicativa","FUENTE VERIFICADA rubro; frecuencia específica a validar"
"PRD_LV09","Pecuario-camelidos","Mercado de fibras de camélidos y lana","Importaciones de destinos y exportaciones competidoras por fibra sin equiparar alpaca llama vicuña","kg; USD/kg","anual inicial; mensual candidato","Perú y destinos","Demanda para productores del altiplano y textiles","1-12 meses","https://comtradeplus.un.org/","P2","PROXY EXTERNO para demanda boliviana","CANDIDATA; especies y calidades pueden agregarse en HS"
"PRD_LV10","Pecuario-clima","Estrés térmico y forrajero","Índice temperatura-humedad y anomalía de vegetación ponderados por hato previo","índice THI; desviación estándar","diaria; decadal agregada","cuenca lechera y área ganadera Bolivia","Menor leche ganancia de peso fertilidad y mayor costo de alimento","0-3 meses","https://climate.copernicus.eu/climate-reanalysis","P0","CLIMA plausiblemente externo; vegetación puede ser mediador","DERIVABLE con fórmula y umbrales por especie; ERA no observación de corral"
"PRD_FO01","Forestal-madera","Precios de madera tropical por especie","Precios indicativos por especie dimensión grado proceso y puerto","USD/m3","quincenal; mensual agregado","Brasil Perú y mercado tropical","Competitividad forestal y costo maderero de construcción","1-6 meses","https://www.itto.int/market_information_service/","P1","EXTERNO condicionado a comparabilidad de producto","FUENTE VERIFICADA; registro gratuito; derechos redistribución por revisar"
"PRD_FO02","Forestal-castana","Demanda y competencia de castaña","Importaciones de compradores y exportaciones de competidores diferenciando con cáscara y pelada","kg; USD/kg","mensual objetivo; anual inicial","Brasil Perú y destinos","Ingreso recolector industrial y exportador amazónico","1-9 meses","https://comtradeplus.un.org/","P1","EXTERNO excluyendo participación boliviana; valor unitario proxy","CANDIDATA; validar producto calidad y peso"
"PRD_FO03","Forestal-produccion","Oferta forestal legal y extracción","Volumen por producto forestal y origen con permisos si disponibles","m3; t","anual","Bolivia departamento cuando disponible","Resultado productivo y exposición del empleo forestal","contemporáneo; exposición año previo","https://www.fao.org/statistics/en/","P1","RESULTADO; autorización como control institucional","FUENTE VERIFICADA forestal; legalidad y detalle requieren registro nacional"
"PRD_FO04","Pesca-acuicultura","Precio de insumos acuícolas","Harina y aceite de pescado como referencias separadas y otros ingredientes de ración","USD/t","mensual","mercado internacional","Costo alimenticio del cultivo de peces según especie y receta","1-6 meses","https://www.worldbank.org/en/research/commodity-markets","P1","EXTERNO para costo; no principal insumo universal","EXISTENTE harina; aceite por confirmar; receta no verificada"
"PRD_FO05","Pesca-acuicultura","Oferta pesquera competidora","Captura y cultivo de países vecinos por especie","t","anual","Perú Brasil Argentina Chile","Competencia de importación y señal estructural de oferta","3-12 meses","https://www.fao.org/statistics/data-dissemination/fishery-and-aquaculture/","P1","EXTERNO para mercado boliviano; demanda global confusora","FUENTE VERIFICADA; especies y continuidad por validar"
"PRD_FO06","Pesca-acuicultura","Producción acuícola y pesquera local","Captura y cultivo diferenciados por especie y sistema de producción","t","anual; mensual sólo si registro existe","Bolivia y cuenca candidata","Resultado de agua alimento sanidad y demanda","contemporáneo","https://www.fao.org/statistics/data-dissemination/fishery-and-aquaculture/","P1","RESULTADO; validación de drivers","FUENTE VERIFICADA; cobertura Bolivia y cuenca por confirmar"
"PRD_EN01","Hidrocarburos-crudo","Curva de precios de crudo de referencia","Brent y WTI al contado separados; diferencial geográfico","USD/barril","diaria origen; mensual visual","mar del Norte y Cushing","Costo importado y referencia contextual para ingreso energético","0-9 meses","https://www.worldbank.org/en/research/commodity-markets","P0","EXTERNO para Bolivia; shock global con demanda común","EXISTENTE mensual; ampliación diaria requiere proveedor"
"PRD_EN02","Hidrocarburos-refinados","Precios de diésel gasolina jet y GLP","Cotizaciones por calidad y hub con conversión volumétrica explícita","USD/galón; USD/barril","diaria; semanal y mensual agregado","Golfo de EEUU y hubs verificables","Costo potencial de abastecimiento de transporte agro industria y aviación","0-3 meses","https://www.eia.gov/petroleum/data.php","P0","EXTERNO para costo importado boliviano","EXISTENTE parcial vía FRED; jet ampliar y validar"
"PRD_EN03","Hidrocarburos-refinados","Diferencial de refinación por producto","Precio de producto convertido a barril menos crudo compatible","USD/barril","diaria; mensual","mismo hub o ajuste geográfico","Distingue shock de refinería de shock del petróleo","0-3 meses","https://www.eia.gov/petroleum/data.php","P0","DERIVADO EXTERNO; no margen neto de refinería","DERIVABLE; incluir rendimiento y especificación si se llama crack spread"
"PRD_EN04","Hidrocarburos-oferta","Inventarios y uso de refinerías externos","Stocks de productos y utilización de capacidad por región estadounidense","barriles; %","semanal","EEUU y costa del Golfo","Tensión internacional de disponibilidad de combustibles","0-3 meses","https://www.eia.gov/petroleum/data.php","P1","EXTERNO para Bolivia; indicador de equilibrio global","FUENTE VERIFICADA; series concretas a mapear"
"PRD_EN05","Hidrocarburos-gas","Referencias de gas y GNL por mercado","Henry Hub Europa y GNL Japón separados de precio contractual boliviano","USD/MMBtu","mensual","EEUU Europa Asia","Competencia indirecta y costo alternativo para compradores","0-9 meses","https://www.worldbank.org/en/research/commodity-markets","P0","EXTERNO contextual; proxy débil del contrato bilateral","EXISTENTE; revisar metodología de cada columna"
"PRD_EN06","Hidrocarburos-gas","Precio efectivo de gas exportado","Ingreso declarado dividido por energía entregada con poder calorífico consistente","USD/MMBtu","mensual objetivo","Bolivia por comprador y contrato","Resultado de fórmula contractual calidad renegociación y demanda","0-9 meses según contrato","https://www.ine.gob.bo/index.php/estadisticas-economicas/hidrocarburos-mineria/","P0","RESULTADO; fórmula pactada rezagada puede ser predeterminada","CANDIDATA; falta contrato energía y calendario de revisión verificables"
"PRD_EN07","Hidrocarburos-contratos","Exposición contractual de gas","Índices de referencia ventanas rezagos mínimos y vencimientos por contrato vigente","parámetros; fecha; volumen mínimo","por versión contractual","Bolivia por contraparte","Transforma precio externo en flujo de caja y riesgo de renovación","3-24 meses; contractual","https://www.ine.gob.bo/index.php/estadisticas-economicas/hidrocarburos-mineria/","P1","EXPOSICION contractual predeterminada; renegociación endógena","NO VERIFICADA fuente contractual; INE sólo contraste de resultados"
"PRD_EN08","Hidrocarburos-importacion","Valor unitario y volumen de combustibles importados","Valor masa y volumen por producto y origen sin llamar precio al agregado","USD/kg; t; litros si existen","mensual objetivo; anual inicial","Bolivia frontera por socio","Factura de importación y disponibilidad declarada","0-3 meses","https://comtradeplus.un.org/","P0","RESULTADO ENDOGENO; benchmark externo por separado","EXISTENTE aduana parcial anual; mensual y densidad por verificar"
"PRD_EN09","Hidrocarburos-abastecimiento","Despachos y ventas locales de combustibles","Volumen por producto departamento y canal si se publica","litros; m3","mensual objetivo","Bolivia departamento","Restricción productiva y distancia entre importación y consumo","0-3 meses","https://www.anh.gob.bo/w2019/contenido.php?s=8","P0","MEDIADOR y RESULTADO; no escasez causal por sí solo","FUENTE documental VERIFICADA; continuidad reciente y detalle por verificar"
"PRD_EN10","Hidrocarburos-produccion","Producción gas líquidos y declinación","Volumen por campo cuando disponible y tasa de cambio ajustada por paradas","m3/día; barriles/día; %","mensual","Bolivia campo y departamento","Capacidad exportadora oferta doméstica y demanda de servicios petroleros","1-24 meses","https://www.ine.gob.bo/index.php/estadisticas-economicas/hidrocarburos-mineria/","P0","RESULTADO; capacidad previa exposición predeterminada","FUENTE VERIFICADA; campo y causas de caída por validar"
"PRD_EN11","Electricidad-hidrologia","Aportes y reservas hidroeléctricas","Caudal afluente volumen de embalses y energía almacenada diferenciados","m3/s; hm3; GWh","semanal; diaria si existe","embalse y cuenca Bolivia","Disponibilidad hidroeléctrica y sustitución por generación térmica","0-6 meses","https://www.cndc.bo/resultados-operativos/","P0","AFLUENTE candidato externo; reserva ENDOGENA de despacho","FUENTE VERIFICADA en portal; descarga histórica por probar"
"PRD_EN12","Electricidad-operacion","Indisponibilidad y reserva eléctrica","MW fuera de servicio duración de fallas y capacidad disponible","MW; horas; %","evento; horaria objetivo","SIN planta y nodo","Riesgo de interrupción para industria comercio minería y servicios","0-1 mes","https://www.cndc.bo/resultados-operativos/","P0","SHOCK CONDICIONAL; mantenimiento planificado predeterminado","FUENTE VERIFICADA portal; detalle y acceso de cada reporte por confirmar"
"PRD_EN13","Electricidad-resultados","Generación demanda y costo marginal","Energía por tecnología potencia máxima y costo de despacho separados","MWh; MW; USD/MWh","horaria origen; mensual agregado","SIN área y departamento","Resultado operativo y actividad económica industrial","contemporáneo","https://www.cndc.bo/resultados-operativos/","P0","RESULTADO ENDOGENO; demanda como nowcast sin afirmar causalidad","FUENTE VERIFICADA; provisionalidad y cortes de datos por guardar"
"PRD_EN14","Electricidad-renovables","Recurso solar eólico y potencial técnico","Radiación viento y simulación de producción con curva de planta fija","W/m2; m/s; MWh simulados","horaria; diaria y mensual","parque y emplazamiento Bolivia","Variabilidad renovable demanda residual y necesidad térmica","0-3 meses","https://climate.copernicus.eu/climate-reanalysis","P1","CLIMA EXTERNO; potencial calculado no generación real","DERIVABLE; altura orientación curva y pérdidas por documentar"
"PRD_MI01","Mineria-precios","Metales base de exportación","Zinc plomo estaño y cobre por especificación de benchmark","USD/t metal","mensual; diaria candidata","mercado de referencia de cada metal","Valor exportable incentivos de producción y regalías","0-6 meses","https://www.worldbank.org/en/research/commodity-markets","P0","EXTERNO para Bolivia; control de ciclo global","EXISTENTE; corregir mercado genérico si inexacto"
"PRD_MI02","Mineria-precios","Metales preciosos","Oro y plata en onza troy por referencia exacta","USD/onza troy","mensual; diaria candidata","mercado internacional especificado","Ingresos mineros y sensibilidad de cartera exportadora","0-6 meses","https://www.worldbank.org/en/research/commodity-markets","P0","EXTERNO para Bolivia; canal financiero compartido","EXISTENTE; no asignar LME genérica"
"PRD_MI03","Mineria-hierro-acero","Precio de mineral de hierro y acero competidor","Mineral por ley humedad y destino separado de acero elaborado","USD/t seca; índice acero","mensual","referencia hierro y productores externos","Viabilidad metalúrgica y costos de metalmecánica","1-12 meses","https://www.worldbank.org/en/research/commodity-markets","P0","EXTERNO para valor mineral; no precio de acero boliviano","EXISTENTE parcial; ley y base CFR por auditar"
"PRD_MI04","Mineria-concentrados","Descuento y liquidación de concentrados","Cargos tratamiento refinación recuperabilidad penalidades y flete por contrato","USD/t seca; USD/lb; % pagable","contrato; mensual objetivo","mina fundición y destino","Diferencia entre precio de metal y ingreso neto boliviano","0-6 meses","https://www.usgs.gov/publications/mineral-commodity-summaries-2026","P1","EXPOSICION contractual y costo; endógeno a calidad y oferta","NO VERIFICADA serie TC/RC pública local; USGS sólo contexto"
"PRD_MI05","Mineria-criticos","Oferta y referencias de minerales críticos","Antimonio tungsteno bismuto indio y otros por material y grado","t; USD/unidad según mineral","anual","país productor y mundo","Diversifica lectura más allá de zinc oro plata y estaño","3-24 meses","https://www.usgs.gov/publications/mineral-commodity-summaries-2026","P1","EXTERNO para productores bolivianos; estadísticas anuales","FUENTE VERIFICADA; precio por mineral puede ser licenciado o indirecto"
"PRD_MI06","Mineria-litio","Precio de litio por compuesto y grado","Carbonato técnico batería hidróxido y contenido litio sin agregarlos","USD/t compuesto; USD/t Li contenido","anual público; mensual condicionado","mercados externos y referencia Bolivia","Valoración de ingresos potenciales y competencia","0-12 meses","https://www.usgs.gov/publications/mineral-commodity-summaries-2026","P1","EXTERNO para precio; contrato local distinto","FUENTE VERIFICADA anual; serie mensual homogénea no confirmada"
"PRD_MI07","Mineria-litio","Oferta competidora y demanda de litio","Producción consumo y capacidad anunciada separada de instalada","t Li; t LCE; t/año","anual; evento de proyecto","Australia Chile Argentina China y mundo","Riesgo de sobreoferta y tiempos de entrada boliviana","6-36 meses","https://www.usgs.gov/publications/mineral-commodity-summaries-2026","P1","EXTERNO para Bolivia; anuncios no producción","FUENTE VERIFICADA; capacidad y demanda requieren conciliación"
"PRD_MI08","Mineria-litio","Producción venta y utilización YLB","Carbonato y potasio por cantidad ingreso y capacidad técnicamente comprobada","t; Bs; % utilización","mensual cuando reporte; anual","Uyuni y operación YLB","Resultado comercial e industrial y separación de capacidad teórica","contemporáneo","https://www.ylb.gob.bo/wp-content/uploads/2026/03/Informe_de_RPCF_2025_Publicado.pdf","P1","RESULTADO; no driver externo","PUBLICACION VERIFICADA 2025; no endpoint ni actualización automática confirmados"
"PRD_MI09","Mineria-insumos","Costo de reactivos y consumibles mineros","Ácido sulfúrico cal cianuro explosivos bolas de molienda por insumo","índice; USD/kg proxy","mensual","productores externos y Bolivia frontera","Costo de procesamiento y mantenimiento","1-6 meses","https://www.bls.gov/ppi/overview.htm","P1","EXTERNO PPI; ENDOGENO valor unitario importado","CANDIDATA; mapear series BLS; sustituibilidad y restricciones por documentar"
"PRD_MI10","Mineria-productividad","Volumen ley y recuperación minera","Contenido fino producción concentrada ley de cabeza y recuperación separadas","t finas; % ley; % recuperación","mensual objetivo; anual disponible","Bolivia mina y departamento","Descomposición cantidad calidad y eficiencia productiva","contemporáneo; reserva previa 6-36 meses","https://www.ine.gob.bo/index.php/estadisticas-economicas/hidrocarburos-mineria/","P0","RESULTADO; geología conocida exposición predeterminada","FUENTE VERIFICADA producción; ley y recuperación no verificadas"
"PRD_MI11","Mineria-agua","Exposición hídrica y energética minera","Participación de agua y energía en costos con cuenca y suministro identificados","m3/t; kWh/t; % costo","estructural; mensual escenario","yacimiento planta salar y cuenca Bolivia","Amplifica sequía y fallas eléctricas sobre costo unitario","0-12 meses","https://www.fao.org/aquastat/en/","P1","EXPOSICION técnica; intensidad realizada endógena","CANDIDATA; AQUASTAT no prueba intensidades de cada operación"
"PRD_MI12","Mineria-acceso","Concentración de compradores y fundiciones","Participación por destino e índice de concentración de exportación mineral","%; índice HHI","anual; trimestral candidato","Bolivia por metal y destino","Dependencia de mercado y vulnerabilidad logística","1-12 meses","https://comtradeplus.un.org/","P1","EXPOSICION rezagada; concentración corriente resultado","DERIVABLE con HS y geografía; no identifica comprador empresarial"
"PRD_MA01","Manufactura-alimentos","Canasta de materias primas de alimentos","Índice ponderado por receta para molienda pan pastas aceites azúcar chocolate y conservas","índice base fija; USD/t producto teórico","mensual","cadena industrial Bolivia con referencias externas","Costo industrial separado de precio al consumidor","1-6 meses","https://www.worldbank.org/en/research/commodity-markets","P0","DERIVADO EXTERNO si pesos fijos; no margen contable","DERIVABLE; documentar receta y evitar doble conteo de componentes"
"PRD_MA02","Manufactura-bebidas","Costo de insumos de bebidas","Concentrados malta azúcar vidrio aluminio PET y tapas por tipo de bebida","USD/kg proxy; índice","mensual objetivo","orígenes importadores Bolivia","Presión en costo de cerveza gaseosas jugos y agua envasada","1-6 meses","https://comtradeplus.un.org/","P1","PROXY ENDOGENO frontera; benchmark separado","CANDIDATA; separar alcohol graduación envase y mezcla"
"PRD_MA03","Manufactura-textiles","Fibras textiles internacionales","Algodón lana y fibras sintéticas por especificación","USD/kg; índice","mensual","referencias internacionales","Costo de hilandería tejido y prendas","1-6 meses","https://www.worldbank.org/en/research/commodity-markets","P1","EXTERNO para costo textil","FUENTE VERIFICADA; algodón ampliar; demás fibras por confirmar"
"PRD_MA04","Manufactura-textiles","Competencia externa de prendas y telas","Volúmenes y valores unitarios importados por tejido prenda fibra y origen","kg; unidades; USD/unidad","mensual objetivo; anual inicial","Bolivia y vecinos","Sustitución de producción nacional y presión de margen","0-9 meses","https://comtradeplus.un.org/","P1","ENDOGENO comercio formal; no mide contrabando","CANDIDATA; canasta HS calidad y cantidades suplementarias a validar"
"PRD_MA05","Manufactura-cuero","Pieles cuero curtido y calzado","Precios proxy de importación y exportación separados por etapa y especie","USD/kg; USD/par","mensual objetivo; anual inicial","Bolivia Brasil y otros proveedores","Costo de curtiembre y competencia de calzado","1-9 meses","https://comtradeplus.un.org/","P1","EXTERNO para comercio competidor; RESULTADO para Bolivia","CANDIDATA; curtido área y peso no intercambiables"
"PRD_MA06","Manufactura-quimica","Químicos básicos e intermedios","Índices de químicos orgánicos inorgánicos solventes y ácidos por industria","índice PPI base publicada","mensual","EEUU como proxy externo","Costo de limpieza pinturas adhesivos minería y manufactura","1-6 meses","https://www.bls.gov/ppi/overview.htm","P1","PROXY EXTERNO geográficamente limitado","EXISTENTE parcial; mapear detalle y exposición real"
"PRD_MA07","Manufactura-farmaceutica","Insumos farmacéuticos importados","Valor masa y país de origen de principios activos excipientes y envases cuando HS permite","USD/kg; kg","mensual objetivo; anual inicial","Bolivia por proveedor","Costo y riesgo de abastecimiento para laboratorios","1-9 meses","https://comtradeplus.un.org/","P1","ENDOGENO frontera; concentración previa exposición","CANDIDATA; HS puede no identificar molécula; no inventar desagregación"
"PRD_MA08","Manufactura-farmaceutica","Concentración y dependencia de proveedores","HHI y porcentaje de origen dominante por partida farmacéutica crítica","%; índice HHI","anual base; revisión trimestral","proveedor-país y Bolivia","Sensibilidad a interrupción de un país o ruta","1-12 meses","https://comtradeplus.un.org/","P1","EXPOSICION PREDETERMINADA usando año previo","DERIVABLE; país no equivale a fabricante; validar reexportación"
"PRD_MA09","Manufactura-plasticos","Resinas y elastómeros","Índices o referencias de PE PP PET PVC y caucho natural separados","índice; USD/kg cuando precio","mensual","EEUU y benchmark mundial","Costo de envases tuberías y bienes plásticos","1-6 meses","https://www.bls.gov/ppi/overview.htm","P0","PROXY EXTERNO; agregado no da cada polímero","EXISTENTE índices agregados; detalle por polímero por verificar"
"PRD_MA10","Manufactura-papel","Celulosa papel y cartón","Canasta por pulpa virgen reciclado kraft corrugado e impresión","índice PPI; USD/t proxy","mensual","productores externos y orígenes Bolivia","Costos de empaque editorial escolar e higiene","1-6 meses","https://www.bls.gov/ppi/overview.htm","P1","PROXY EXTERNO con mercado de origen explícito","CANDIDATA; identificar series y revisión de base"
"PRD_MA11","Manufactura-metalmecanica","Metales transformados y semielaborados","Láminas barras tubos alambre aluminio y cobre manufacturado separados","índice; USD/t proxy","mensual","EEUU y países proveedores","Costo de estructuras mobiliario maquinaria y reparación","1-6 meses","https://www.bls.gov/ppi/overview.htm","P0","PROXY EXTERNO; no precio de compra boliviano","EXISTENTE acero alambre barras parcial; ampliar mapeo"
"PRD_MA12","Manufactura-maquinaria","Precio y disponibilidad de bienes de capital","Importaciones de máquinas industriales repuestos motores bombas y rodamientos","unidades; USD; USD/unidad proxy","mensual objetivo","Bolivia por origen y cadena","Capacidad futura mantenimiento y cuellos de producción","3-24 meses","https://comtradeplus.un.org/","P1","ENDOGENO inversión; shocks proveedores externos aparte","CANDIDATA; heterogeneidad impide índice simple sin composición fija"
"PRD_MA13","Manufactura-electrica","Equipos eléctricos y electrónicos industriales","Transformadores cables motores paneles baterías controles y componentes","unidades; kg; USD","mensual objetivo","Bolivia por origen","Costo de expansión eléctrica automatización y mantenimiento","2-18 meses","https://comtradeplus.un.org/","P1","ENDOGENO comercio; dependencia previa exposición","CANDIDATA; separar equipo completo y componente"
"PRD_MA14","Manufactura-fertilizantes","Competitividad exportadora de fertilizantes","Precio benchmark menos costo técnico de gas energía logística por unidad","USD/t; índice","mensual","arquetipo urea y potasa Bolivia","Margen potencial industrial y competencia regional","1-12 meses","https://www.worldbank.org/en/research/commodity-markets","P1","ESCENARIO DERIVADO; producción real endógena","DERIVABLE parcial; no afirmar costos YPFB o YLB sin evidencia"
"PRD_MA15","Manufactura-bioenergia","Insumos y balance de biocombustibles","Aceites vegetales grasas etanol y coproductos por rendimiento energético documentado","USD/t; USD/GJ","mensual","mercados externos y arquetipo Bolivia","Costo de biodiésel etanol y competencia con alimento","1-12 meses","https://www.worldbank.org/en/research/commodity-markets","P1","DERIVADO EXTERNO con parámetros fijos","DERIVABLE parcial; tecnología mezcla y tarifas locales faltantes"
"PRD_MA16","Manufactura-produccion","Volumen industrial por rama","Producción física ventas y utilización si existe por rama manufacturera","índice; t; %","trimestral objetivo; mensual cuando fuente","Bolivia rama y departamento si disponible","Resultados para medir resiliencia de cada cadena","contemporáneo","https://www.ine.gob.bo/index.php/estadisticas-economicas/industria-manufacturera-y-comercio/estadisticas-coyunturales-cuadros-estadisticos/","P0","RESULTADO; nunca driver externo causal","FUENTE VERIFICADA; tablas consultadas muestran cortes antiguos en algunos índices"
"PRD_MA17","Manufactura-exposicion","Intensidad de insumos importados","Participación de insumos importados en estructura de costo por rama y año base","% costo; % consumo intermedio","anual estructural","rama industrial Bolivia","Pondera vulnerabilidad frente a precios divisas y logística","1-12 meses","https://comtradeplus.un.org/","P1","EXPOSICION previa; no inferir sólo de importaciones","NO DERIVABLE con Comtrade solo; requiere matriz oferta-utilización o encuesta costos"
"PRD_CO01","Construccion-materiales","Canasta externa de materiales","Cemento acero vidrio madera cerámica y aislantes como índices independientes","índice base fija","mensual","mercado productor extranjero","Componente internacional de costo de obra","1-6 meses","https://www.bls.gov/ppi/overview.htm","P0","PROXY EXTERNO; traspaso local por estimar","EXISTENTE parcial; no equiparar PPI EEUU a Bs de obra"
"PRD_CO02","Construccion-costos","Índice local de costo de construcción","Costo por tipo de edificio ciudad y componente publicado","índice; variación %","trimestral o frecuencia oficial","Bolivia ciudades cubiertas","Resultado local de materiales salarios transporte y financiación","0-6 meses","https://www.ine.gob.bo/index.php/estadisticas-economicas/construccion/","P0","RESULTADO ENDOGENO; control rezagado para presupuesto","FUENTE VERIFICADA; cobertura base y frecuencia a validar"
"PRD_CO03","Construccion-cemento","Producción ventas y consumo aparente","Toneladas por departamento con conciliación comercio y existencias cuando posible","t","mensual","Bolivia departamento","Actividad de obra y restricciones de abastecimiento","0-3 meses","https://www.ine.gob.bo/index.php/estadisticas-economicas/construccion/","P0","RESULTADO; indicador adelantado sólo para resultado posterior distinto","FUENTE VERIFICADA; consumo aparente no consumo físico exacto"
"PRD_CO04","Construccion-permisos","Permisos y superficie autorizada","Número de permisos y metros cuadrados por municipio cubierto","permisos; m2","mensual objetivo","municipios Bolivia con publicación","Cartera futura de construcción formal","3-18 meses","https://www.ine.gob.bo/index.php/estadisticas-economicas/construccion/","P0","ADELANTADO ENDOGENO a demanda; no shock externo","FUENTE VERIFICADA; permisos no inicios ni obra concluida"
"PRD_CO05","Construccion-clima","Días técnicamente adversos para obra","Lluvia calor viento y heladas sobre umbrales específicos de tarea","días; horas","diaria; mensual","ciudad y proyecto Bolivia","Retraso de hormigonado movimiento de tierras y seguridad operativa","0-3 meses","https://climate.copernicus.eu/climate-reanalysis","P1","CLIMA externo; días perdidos observados endógenos","DERIVABLE; umbral por tarea y validación de estaciones"
"PRD_CO06","Inmobiliario-oferta","Oferta nueva y absorción observada","Unidades iniciadas terminadas vendidas y stock por segmento si hay registro","unidades; meses de inventario","mensual o trimestral objetivo","ciudad zona y tipo de inmueble","Resultado para detectar sobreoferta y rezagos de obra","3-24 meses","https://www.ine.gob.bo/index.php/estadisticas-economicas/construccion/","P2","RESULTADO; permisos sólo aproximación de pipeline","NO VERIFICADA serie completa; requiere registro o convenio; anuncios no ventas"
"PRD_CO07","Inmobiliario-precios","Precios y alquileres de inmueble homogéneo","Índices por tipo ubicación área antigüedad y condición de transacción","Bs/m2; USD/m2; índice hedónico","mensual objetivo","ciudad zona y segmento Bolivia","Resultado de costo crédito ingreso y expectativas","1-24 meses","https://www.ine.gob.bo/index.php/estadisticas-economicas/construccion/","P2","RESULTADO ENDOGENO; precio anunciado no realizado","NO VERIFICADA serie transaccional; INE construcción no prueba disponibilidad"
"PRD_CO08","Construccion-capital","Maquinaria y equipo de construcción importado","Equipos viales grúas excavadoras mezcladoras y repuestos por partida","unidades; USD","mensual objetivo","Bolivia por origen","Capacidad futura y costo de mantenimiento de obra","3-24 meses","https://comtradeplus.un.org/","P1","ENDOGENO inversión; exposición previa predeterminada","CANDIDATA; separar nuevo usado alquiler y repuesto"
"PRD_CL01","Clima-lluvia","Precipitación y anomalía territorial","Acumulado y desvío respecto a climatología fija por cuenca y área productiva","mm; %; desviación estándar","pentadal primaria; mensual","grilla y polígonos Bolivia","Agua productiva sequía inundación y costo de transporte","0-12 meses por fase productiva","https://www.chc.ucsb.edu/data/chirps3","P0","CLIMA plausiblemente externo al resultado económico","FUENTE VERIFICADA v3; implementación espacial y contraste local pendientes"
"PRD_CL02","Clima-sequia","Sequía multiescala y rachas secas","SPI por ventanas y días consecutivos bajo umbral documentado","índice SPI; días","pentadal; mensual","cuenca y cultivo Bolivia","Pérdida de rendimiento pasturas y reservas de agua","1-12 meses","https://www.chc.ucsb.edu/data/chirps3","P0","DERIVADO CLIMATICO; seleccionar ventana fuera de muestra","DERIVABLE; diaria v3 desagregada no observación uniforme de estación"
"PRD_CL03","Clima-temperatura","Extremos térmicos agrícolas","Mínima máxima heladas y grados-día por cultivo con umbrales documentados","°C; días; grados-día","horaria origen; diaria agregado","grilla cuenca altitud y cultivo Bolivia","Daño de floración maduración estrés laboral y demanda energética","0-9 meses","https://climate.copernicus.eu/climate-reanalysis","P0","CLIMA plausiblemente externo; clima esperado afecta siembra","FUENTE VERIFICADA; sesgo por relieve y representatividad a evaluar"
"PRD_CL04","Clima-suelo","Humedad de suelo por estrato","Contenido volumétrico y percentil estacional por capas de suelo","m3/m3; percentil","diaria; mensual","área agrícola y cuenca Bolivia","Agua disponible para cultivo y persistencia de sequía","0-6 meses","https://climate.copernicus.eu/climate-reanalysis","P0","CLIMA MODELADO; puede mediar entre lluvia y rendimiento","FUENTE VERIFICADA familia; profundidad y procesamiento por verificar"
"PRD_CL05","Clima-evaporacion","Demanda evaporativa y balance hídrico","Evapotranspiración potencial o referencia con método explícito y lluvia menos demanda","mm/día; mm/mes","diaria; mensual","cuenca cultivo y salar Bolivia","Necesidad de riego concentración de salmueras y estrés hídrico","0-6 meses","https://climate.copernicus.eu/climate-reanalysis","P1","DERIVADO CLIMATICO; no intercambiar PET y evapotranspiración real","DERIVABLE; seleccionar fórmula validada y registrar supuestos"
"PRD_CL06","Clima-enso","Estado y evolución de ENSO","Índice oceánico ONI y su vintage sin traducir mecánicamente a lluvia local","°C anomalía","media móvil trimestral publicada","Pacífico tropical","Señal adelantada probabilística para escenarios regionales","1-9 meses","https://www.cpc.ncep.noaa.gov/products/analysis_monitoring/ensostuff/ONI_v5.php","P0","EXTERNO a Bolivia; efecto heterogéneo por región y estación","FUENTE VERIFICADA; distinguir observado pronosticado y revisado"
"PRD_CL07","Clima-incendios","Detecciones térmicas y exposición al fuego","Conteo depurado potencia radiativa y proximidad a cultivo bosque infraestructura","detecciones; MW radiativo; km","diaria","píxel y polígono Bolivia","Riesgo agropecuario forestal logístico sanitario y energético","0-6 meses","https://firms.modaps.eosdis.nasa.gov/active_fire/","P0","SHOCK CONDICIONAL; ignición humana y gestión endógenas","FUENTE VERIFICADA; focos no hectáreas ni incendios independientes"
"PRD_CL08","Clima-vegetacion","Anomalía de vegetación y fenología","NDVI EVI y calendario de crecimiento por máscara de cultivo o pastura","índice; percentil; fecha","16 días o mensual según producto","área productiva Bolivia","Señal de condición de cultivo y forraje antes de cosecha","0-6 meses","https://search.earthdata.nasa.gov/search?q=mod13","P0","MEDIADOR y NOWCAST; no shock externo puro","FUENTE VERIFICADA productos MOD13; QA y máscara pendientes"
"PRD_CL09","Agua-disponibilidad","Recursos extracción y presión hídrica","Recursos renovables extracción sectorial y razón de uso con comparabilidad temporal","km3/año; %","anual cuando haya dato; estructural","Bolivia; cuenca sólo si fuente adicional","Exposición de agricultura industria ciudades y minería","12-60 meses","https://www.fao.org/aquastat/en/","P1","EXPOSICION estructural; extracción responde a economía","FUENTE VERIFICADA; no interpolar observaciones irregulares como medición anual"
"PRD_CL10","Agua-inundacion","Exceso de lluvia y superficie inundable","Precipitación extrema por cuenca y exposición estática; inundación observada requiere otra fuente","mm; ha expuestas; probabilidad si calibrada","pentadal; evento","Beni Amazonía y demás cuencas Bolivia","Pérdida de activos ganado cosecha accesibilidad y salud","0-12 meses","https://www.chc.ucsb.edu/data/chirps3","P1","CLIMA externo; daño depende de exposición y respuesta","DERIVABLE proxy lluvia; NO inferir mapa de inundación sólo de precipitación"
"PRD_CL11","Biodiversidad-cobertura","Cobertura y fragmentación de hábitat","Área y conectividad de bosque pastizal humedal y mosaico productivo","ha; %; índice conectividad","edición disponible; estructural","polígono y corredor Bolivia","Exposición de agua polinización suelos fuego y economía forestal","12-60 meses","https://esa-worldcover.org/en","P1","EXPOSICION; cambio de uso endógeno; proxy no riqueza de especies","FUENTE VERIFICADA WorldCover 2020 y 2021; no prometer serie anual reciente"
"PRD_CL12","Biodiversidad-servicios","Dependencia productiva de servicios ecosistémicos","Proporción de cultivos dependientes de polinización y exposición a erosión o humedal","% producción expuesta; índice","estructural con revisión anual","cadena cuenca y municipio Bolivia","Sensibilidad a deterioro ambiental y riesgo de suministro","6-60 meses","https://www.fao.org/statistics/en/","P2","EXPOSICION DERIVADA; causalidad requiere diseño adicional","CANDIDATA; requiere coeficientes científicos y cartografía; no dataset listo"
"PRD_CL13","Clima-shocks-compuestos","Exposición simultánea a shocks físicos","Intersección de sequía calor fuego inundación y activos con ventanas coherentes","% área expuesta; conteo de eventos","pentadal; mensual","cultivo cuenca ciudad infraestructura Bolivia","Detecta pérdidas no lineales y concentración territorial de riesgo","0-12 meses","https://www.chc.ucsb.edu/data/chirps3","P1","DERIVADO; correlación no independencia; fuego parcialmente endógeno","DERIVABLE con ERA FIRMS y capas base; conservar componentes"
