lead_id,person_id,platform,url,source_url,source_status,new_verification_status
P_CARLOS_CABALLERO_L01,P_CARLOS_CABALLERO,youtube,https://www.youtube.com/channel/UCP38Niz3-ttsW0SkE9QSHoA,https://www.youtube.com/results?search_query=Carlos+Caballero+Bolivia&sp=EgIQAg%3D%3D,UNVERIFIED_SEARCH,PENDING
P_CECILIA_HURTADO_L01,P_CECILIA_HURTADO,youtube,https://www.youtube.com/channel/UC1LOz5c_SiLwR2pG6MnfxbQ,https://www.youtube.com/results?search_query=Cecilia+Hurtado+Bolivia&sp=EgIQAg%3D%3D,UNVERIFIED_SEARCH,PENDING
P_CRISTINA_ROCA_L01,P_CRISTINA_ROCA,youtube,https://www.youtube.com/channel/UCoZBJ-I1Yx8Ok4jT3yNqxbQ,https://www.youtube.com/results?search_query=Cristina+Roca+Bolivia&sp=EgIQAg%3D%3D,UNVERIFIED_SEARCH,PENDING
P_DANIEL_AGUILAR_L01,P_DANIEL_AGUILAR,youtube,https://www.youtube.com/channel/UC-4M9iIL_T6EcszC1X05BhA,https://www.youtube.com/results?search_query=Daniel+Aguilar+Bolivia&sp=EgIQAg%3D%3D,UNVERIFIED_SEARCH,PENDING
P_DIANA_HURTADO_L01,P_DIANA_HURTADO,youtube,https://www.youtube.com/channel/UCP4LKKYxK1Fjdr-x-MHIJ9g,https://www.youtube.com/results?search_query=Diana+Hurtado+Bolivia&sp=EgIQAg%3D%3D,UNVERIFIED_SEARCH,PENDING
P_DIEGO_MORENO_L01,P_DIEGO_MORENO,youtube,https://www.youtube.com/channel/UCosXYWbeFkkF4LykX6ItpRw,https://www.youtube.com/results?search_query=Diego+Moreno+Bolivia&sp=EgIQAg%3D%3D,UNVERIFIED_SEARCH,PENDING
P_EDUARDO_ROCHA_L01,P_EDUARDO_ROCHA,youtube,https://www.youtube.com/channel/UCUEjhX4Mf4kGhmEsG0VW5kA,https://www.youtube.com/results?search_query=Eduardo+Rocha+Bolivia&sp=EgIQAg%3D%3D,UNVERIFIED_SEARCH,PENDING
P_FERNANDO_HURTADO_L01,P_FERNANDO_HURTADO,youtube,https://www.youtube.com/channel/UCDJa1iUzLNxXsquXSPgKM8Q,https://www.youtube.com/results?search_query=Fernando+Hurtado+Bolivia&sp=EgIQAg%3D%3D,UNVERIFIED_SEARCH,PENDING
P_GARY_RODRIGUEZ_L01,P_GARY_RODRIGUEZ,youtube,https://www.youtube.com/channel/UCr1hVA7ZTuqlc210Vbk8zEw,https://www.youtube.com/results?search_query=Gary+Rodriguez+Bolivia&sp=EgIQAg%3D%3D,UNVERIFIED_SEARCH,PENDING
P_JORGE_LOPEZ_L01,P_JORGE_LOPEZ,youtube,https://www.youtube.com/channel/UCD66mcZ8T3fm0xqAH80kDWg,https://www.youtube.com/results?search_query=Jorge+Lopez+Bolivia&sp=EgIQAg%3D%3D,UNVERIFIED_SEARCH,PENDING
P_LEONARDO_SALVATIERRA_L01,P_LEONARDO_SALVATIERRA,youtube,https://www.youtube.com/channel/UCiC7JHOO76AGHjrA2HFZnhg,https://www.youtube.com/results?search_query=Leonardo+Salvatierra+Bolivia&sp=EgIQAg%3D%3D,UNVERIFIED_SEARCH,PENDING
P_LILIANA_CASTELLANOS_L01,P_LILIANA_CASTELLANOS,youtube,https://www.youtube.com/channel/UC9qMvn2D3-6QBy3T0TJDSZQ,https://www.youtube.com/results?search_query=Liliana+Castellanos+Bolivia&sp=EgIQAg%3D%3D,UNVERIFIED_SEARCH,PENDING
P_LUIS_FERNANDO_SAAVEDRA_L01,P_LUIS_FERNANDO_SAAVEDRA,youtube,https://www.youtube.com/channel/UCu60XHVXHS68PjH9bKL4L5g,https://www.youtube.com/results?search_query=Luis+Fernando+Saavedra+Bolivia&sp=EgIQAg%3D%3D,UNVERIFIED_SEARCH,PENDING
P_PABLO_BEDOYA_L01,P_PABLO_BEDOYA,youtube,https://www.youtube.com/channel/UChTCWoYwKUrSzekXG84SPtg,https://www.youtube.com/results?search_query=Pablo+Bedoya+Bolivia&sp=EgIQAg%3D%3D,UNVERIFIED_SEARCH,PENDING
P_SANDRA_BRUNO_L01,P_SANDRA_BRUNO,youtube,https://www.youtube.com/channel/UCOVtyBJkQbWDxkXTjwEh00g,https://www.youtube.com/results?search_query=Sandra+Bruno+Bolivia&sp=EgIQAg%3D%3D,UNVERIFIED_SEARCH,PENDING
P_SERGIO_PEREIRA_L01,P_SERGIO_PEREIRA,youtube,https://www.youtube.com/channel/UCmtOdvnXM4LyUs4NBSZ7Nvg,https://www.youtube.com/results?search_query=Sergio+Pereira+Bolivia&sp=EgIQAg%3D%3D,UNVERIFIED_SEARCH,PENDING
P_TITO_ORELLANA_L01,P_TITO_ORELLANA,youtube,https://www.youtube.com/channel/UCiJYxClfbMRoWZpuaAFmG1w,https://www.youtube.com/results?search_query=Tito+Orellana+Bolivia&sp=EgIQAg%3D%3D,UNVERIFIED_SEARCH,PENDING
P_MARIA_GALINDO_L01,P_MARIA_GALINDO,youtube,https://www.youtube.com/channel/UCFD31b4_uRhMJrZ6sBInMJw,https://www.wikidata.org/entity/Q3296444,UNVERIFIED_WIKIDATA,PENDING
P_CARLA_ORTIZ_L01,P_CARLA_ORTIZ,youtube,https://www.youtube.com/channel/UC8OQ22iBSYTC3gBPVZLC65A,https://www.youtube.com/results?search_query=Carla+Ortiz+Bolivia&sp=EgIQAg%3D%3D,UNVERIFIED_SEARCH,PENDING
P_FREDDY_MAMANI_L01,P_FREDDY_MAMANI,youtube,https://www.youtube.com/channel/UCfjjIozup5O2hPa5j1bbG8A,https://www.youtube.com/results?search_query=Freddy+Mamani+Bolivia&sp=EgIQAg%3D%3D,UNVERIFIED_SEARCH,PENDING
P_JORGE_SANJINES_L01,P_JORGE_SANJINES,youtube,https://www.youtube.com/channel/UCmKWIz9axs3YS__ugZCZQ3w,https://www.youtube.com/results?search_query=Jorge+Sanjin%C3%A9s+Bolivia&sp=EgIQAg%3D%3D,UNVERIFIED_SEARCH,PENDING
P_LUZMILA_CARPIO_L01,P_LUZMILA_CARPIO,instagram,https://www.instagram.com/luzmilacarpio,https://www.wikidata.org/entity/Q466102,UNVERIFIED_WIKIDATA,PENDING
P_LUZMILA_CARPIO_L02,P_LUZMILA_CARPIO,twitter,https://x.com/luzmilacarpio,https://www.wikidata.org/entity/Q466102,UNVERIFIED_WIKIDATA,PENDING
P_OLGA_PAREDES_L01,P_OLGA_PAREDES,youtube,https://www.youtube.com/channel/UCmDrHWDu6OGifqXnPtMZFzw,https://www.youtube.com/results?search_query=Olga+Paredes+Bolivia&sp=EgIQAg%3D%3D,UNVERIFIED_SEARCH,PENDING
P_ROBERTO_MAMANI_MAMANI_L01,P_ROBERTO_MAMANI_MAMANI,youtube,https://www.youtube.com/channel/UC3q3LnZjL6AQFKfiV8HKu8A,https://www.youtube.com/results?search_query=Roberto+Mamani+Mamani+Bolivia&sp=EgIQAg%3D%3D,UNVERIFIED_SEARCH,PENDING
P_VANESSA_ALFARO_L01,P_VANESSA_ALFARO,linkedin,https://www.linkedin.com/in/vanessagalfaro,https://www.wikidata.org/entity/Q20994744,UNVERIFIED_WIKIDATA,PENDING
P_XIMENA_HERRERA_L01,P_XIMENA_HERRERA,instagram,https://www.instagram.com/ximenaherrera7,https://www.wikidata.org/entity/Q2881214,UNVERIFIED_WIKIDATA,PENDING
P_XIMENA_HERRERA_L02,P_XIMENA_HERRERA,facebook,https://www.facebook.com/XimenaHerreraOficial,https://www.wikidata.org/entity/Q2881214,UNVERIFIED_WIKIDATA,PENDING
P_XIMENA_HERRERA_L03,P_XIMENA_HERRERA,twitter,https://x.com/ximherrera,https://www.wikidata.org/entity/Q2881214,UNVERIFIED_WIKIDATA,PENDING
P_ALBERTINA_SACACA_L01,P_ALBERTINA_SACACA,instagram,https://www.instagram.com/albertinasacaca,https://hypeauditor.com/top-instagram-all-bolivia/,UNVERIFIED_DIRECTORY,PENDING
P_ALBERTINA_SACACA_L02,P_ALBERTINA_SACACA,youtube,https://www.youtube.com/channel/UCmJLNo4bkEi-8pD3YUsiMlQ,https://www.youtube.com/results?search_query=Albertina+Sacaca+Bolivia&sp=EgIQAg%3D%3D,UNVERIFIED_SEARCH,PENDING
P_ANABEL_ANGUS_L01,P_ANABEL_ANGUS,tiktok,https://www.tiktok.com/@anabelangusa,https://hafi.pro/top/most-followed-tiktok/bolivia,UNVERIFIED_DIRECTORY,PENDING
P_ANABEL_ANGUS_L02,P_ANABEL_ANGUS,instagram,https://www.instagram.com/anabelangus,https://hypeauditor.com/top-instagram-all-bolivia/,UNVERIFIED_DIRECTORY,PENDING
P_ANABEL_ANGUS_L03,P_ANABEL_ANGUS,youtube,https://www.youtube.com/channel/UC7asNp00JCQjtZX_Q-NcGCw,https://www.youtube.com/results?search_query=Anabel+Angus+Bolivia&sp=EgIQAg%3D%3D,UNVERIFIED_SEARCH,PENDING
P_CARLOS_MARQUINA_L01,P_CARLOS_MARQUINA,tiktok,https://www.tiktok.com/@carlosmarquina,https://hafi.pro/top/most-followed-tiktok/bolivia,UNVERIFIED_DIRECTORY,PENDING
P_CARLOS_MARQUINA_L02,P_CARLOS_MARQUINA,youtube,https://www.youtube.com/channel/UC8Vs5knKeTCxViwd2xN2vFw,https://www.youtube.com/results?search_query=Carlos+Marquina+Bolivia&sp=EgIQAg%3D%3D,UNVERIFIED_SEARCH,PENDING
P_CLAUDIA_ARCE_L01,P_CLAUDIA_ARCE,instagram,https://www.instagram.com/claudiaarcelemaitre,https://www.wikidata.org/entity/Q5129126,UNVERIFIED_WIKIDATA,PENDING
P_COCINANDO_CON_ELENA_L01,P_COCINANDO_CON_ELENA,youtube,https://www.youtube.com/channel/UCr65gd8eEHVM6PGE1bwhEVQ,https://www.youtube.com/results?search_query=Cocinando+con+Elena+Bolivia&sp=EgIQAg%3D%3D,UNVERIFIED_SEARCH,PENDING
P_CRISTIAN_APAZA_L01,P_CRISTIAN_APAZA,youtube,https://www.youtube.com/channel/UCaryzDO1Fdy6blpCbP0-xpg,https://www.youtube.com/results?search_query=Cristian+Apaza+Bolivia&sp=EgIQAg%3D%3D,UNVERIFIED_SEARCH,PENDING
P_DANIEL_DUENAS_L01,P_DANIEL_DUENAS,tiktok,https://www.tiktok.com/@daniel_duenas_z,https://hafi.pro/top/most-followed-tiktok/bolivia,UNVERIFIED_DIRECTORY,PENDING
P_DANIEL_DUENAS_L02,P_DANIEL_DUENAS,youtube,https://www.youtube.com/channel/UC5uQyk3wJv6nZDpAhUkorrw,https://www.youtube.com/results?search_query=Daniel+Due%C3%B1as+Bolivia&sp=EgIQAg%3D%3D,UNVERIFIED_SEARCH,PENDING
P_ELIAS_AYAVIRI_L01,P_ELIAS_AYAVIRI,tiktok,https://www.tiktok.com/@eliasayaviriofici,https://hafi.pro/top/most-followed-tiktok/bolivia,UNVERIFIED_DIRECTORY,PENDING
P_ELIAS_AYAVIRI_L02,P_ELIAS_AYAVIRI,instagram,https://www.instagram.com/eliasayavirioficial,https://hypeauditor.com/top-instagram-all-bolivia/,UNVERIFIED_DIRECTORY,PENDING
P_ELIAS_AYAVIRI_L03,P_ELIAS_AYAVIRI,youtube,https://www.youtube.com/channel/UCLBmLEAIdnTb5I5IZfJr-eQ,https://www.youtube.com/results?search_query=Elias+Ayaviri+Bolivia&sp=EgIQAg%3D%3D,UNVERIFIED_SEARCH,PENDING
P_FABRICIO_BLACUTT_L01,P_FABRICIO_BLACUTT,instagram,https://www.instagram.com/fabru_blacutt,https://hypeauditor.com/top-instagram-all-bolivia/,UNVERIFIED_DIRECTORY,PENDING
P_GABRIELA_ZEGARRA_L01,P_GABRIELA_ZEGARRA,instagram,https://www.instagram.com/gabyzegarra_gz,https://hypeauditor.com/top-instagram-all-bolivia/,UNVERIFIED_DIRECTORY,PENDING
P_JUNIOR_MAVITY_L01,P_JUNIOR_MAVITY,tiktok,https://www.tiktok.com/@juniormavity7,https://hafi.pro/top/most-followed-tiktok/bolivia,UNVERIFIED_DIRECTORY,PENDING
P_JUNIOR_MAVITY_L02,P_JUNIOR_MAVITY,youtube,https://www.youtube.com/channel/UCWpfFIqc_m_s-HKBm_hHjow,https://www.youtube.com/results?search_query=Junior+Mavity+Bolivia&sp=EgIQAg%3D%3D,UNVERIFIED_SEARCH,PENDING
P_LEONEL_FRANSEZZE_L01,P_LEONEL_FRANSEZZE,youtube,https://www.youtube.com/channel/UCXiZKQjNx86DgJFknNBVDxw,https://www.youtube.com/results?search_query=Leonel+Fransezze+Bolivia&sp=EgIQAg%3D%3D,UNVERIFIED_SEARCH,PENDING
P_LIZETH_CALLIZAYA_L01,P_LIZETH_CALLIZAYA,tiktok,https://www.tiktok.com/@lizethcallizaya,https://hafi.pro/top/most-followed-tiktok/bolivia,UNVERIFIED_DIRECTORY,PENDING
P_LUZ_CRUZ_L01,P_LUZ_CRUZ,youtube,https://www.youtube.com/channel/UCr4Oe6MvpNPQlUq_hqmt88w,https://www.youtube.com/results?search_query=Luz+Cruz+Bolivia&sp=EgIQAg%3D%3D,UNVERIFIED_SEARCH,PENDING
P_MAMA_LUCY_L01,P_MAMA_LUCY,tiktok,https://www.tiktok.com/@la_dulce_mama_lucy,https://hafi.pro/top/most-followed-tiktok/bolivia,UNVERIFIED_DIRECTORY,PENDING
P_MAMA_LUCY_L02,P_MAMA_LUCY,youtube,https://www.youtube.com/channel/UCu7zd9q5lVtIRZjoOPr836Q,https://www.youtube.com/results?search_query=Mama+Lucy+Bolivia&sp=EgIQAg%3D%3D,UNVERIFIED_SEARCH,PENDING
P_MARIA_LEYDI_L01,P_MARIA_LEYDI,youtube,https://www.youtube.com/channel/UCR13nyDR_g32Wk8FuLSm7pQ,https://www.youtube.com/results?search_query=Maria+Leydi+Bolivia&sp=EgIQAg%3D%3D,UNVERIFIED_SEARCH,PENDING
P_MICHELLE_ANDRADE_L01,P_MICHELLE_ANDRADE,instagram,https://www.instagram.com/mishvirmish,https://www.wikidata.org/entity/Q47316925,UNVERIFIED_WIKIDATA,PENDING
P_MICHELLE_ANDRADE_L02,P_MICHELLE_ANDRADE,youtube,https://www.youtube.com/channel/UCn-L2skxYwPPBGsfjLYl2rA,https://www.wikidata.org/entity/Q47316925,UNVERIFIED_WIKIDATA,PENDING
P_MICHELLE_ANDRADE_L03,P_MICHELLE_ANDRADE,facebook,https://www.facebook.com/mishvirmish,https://www.wikidata.org/entity/Q47316925,UNVERIFIED_WIKIDATA,PENDING
P_MILY_GONZALES_L01,P_MILY_GONZALES,tiktok,https://www.tiktok.com/@mily_gonzales_equilea,https://hafi.pro/top/most-followed-tiktok/bolivia,UNVERIFIED_DIRECTORY,PENDING
P_MILY_GONZALES_L02,P_MILY_GONZALES,youtube,https://www.youtube.com/channel/UCii6HVYdHCay2Dnq5_A2wLw,https://www.youtube.com/results?search_query=Mily+Gonzales+Bolivia&sp=EgIQAg%3D%3D,UNVERIFIED_SEARCH,PENDING
P_VICTOR_MONTOYA_L01,P_VICTOR_MONTOYA,youtube,https://www.youtube.com/channel/UCLYo-BCL8DDx7g_RRbjLRwQ,https://www.youtube.com/results?search_query=V%C3%ADctor+Montoya+Bolivia&sp=EgIQAg%3D%3D,UNVERIFIED_SEARCH,PENDING
P_XIMENA_GALARZA_L01,P_XIMENA_GALARZA,facebook,https://www.facebook.com/ximegalarzalora,https://www.wikidata.org/entity/Q6169259,UNVERIFIED_WIKIDATA,PENDING
P_XIMENA_GALARZA_L02,P_XIMENA_GALARZA,twitter,https://x.com/XimenaGalarza,https://www.wikidata.org/entity/Q6169259,UNVERIFIED_WIKIDATA,PENDING
P_XIMENA_GALARZA_L03,P_XIMENA_GALARZA,youtube,https://www.youtube.com/channel/UCTjOuyWjd4ruFJEyvex8omQ,https://www.youtube.com/results?search_query=Ximena+Galarza+Bolivia&sp=EgIQAg%3D%3D,UNVERIFIED_SEARCH,PENDING
P_ADRIANA_SALVATIERRA_L01,P_ADRIANA_SALVATIERRA,instagram,https://www.instagram.com/adrianasalvatierraoficial,https://www.wikidata.org/entity/Q60676640,UNVERIFIED_WIKIDATA,PENDING
P_ADRIANA_SALVATIERRA_L02,P_ADRIANA_SALVATIERRA,twitter,https://x.com/Adriana1989sa,https://www.wikidata.org/entity/Q60676640,UNVERIFIED_WIKIDATA,PENDING
P_ADRIANA_SALVATIERRA_L03,P_ADRIANA_SALVATIERRA,youtube,https://www.youtube.com/channel/UCtxMuyyua4fkGAxV-BeERIg,https://www.youtube.com/results?search_query=Adriana+Salvatierra+Bolivia&sp=EgIQAg%3D%3D,UNVERIFIED_SEARCH,PENDING
P_ANDRONICO_RODRIGUEZ_L01,P_ANDRONICO_RODRIGUEZ,youtube,https://www.youtube.com/channel/UCvaN-GckFF2qsRnr0a2qeoA,https://www.youtube.com/results?search_query=Andr%C3%B3nico+Rodr%C3%ADguez+Bolivia&sp=EgIQAg%3D%3D,UNVERIFIED_SEARCH,PENDING
P_CARLOS_MESA_L01,P_CARLOS_MESA,instagram,https://www.instagram.com/carlosdmesag,https://www.wikidata.org/entity/Q312668,UNVERIFIED_WIKIDATA,PENDING
P_CARLOS_MESA_L02,P_CARLOS_MESA,facebook,https://www.facebook.com/carlosdmesag,https://www.wikidata.org/entity/Q312668,UNVERIFIED_WIKIDATA,PENDING
P_CARLOS_MESA_L03,P_CARLOS_MESA,twitter,https://x.com/carlosdmesag,https://www.wikidata.org/entity/Q312668,UNVERIFIED_WIKIDATA,PENDING
P_CHI_HYUN_CHUNG_L01,P_CHI_HYUN_CHUNG,youtube,https://www.youtube.com/channel/UCjRu2-FO497L0rXk7rkiD8w,https://www.youtube.com/results?search_query=Chi+Hyun+Chung+Bolivia&sp=EgIQAg%3D%3D,UNVERIFIED_SEARCH,PENDING
P_CLARA_ANT_L01,P_CLARA_ANT,facebook,https://www.facebook.com/clara.ant.9,https://www.wikidata.org/entity/Q5125935,UNVERIFIED_WIKIDATA,PENDING
P_CLARA_ANT_L02,P_CLARA_ANT,twitter,https://x.com/Clara_Ant,https://www.wikidata.org/entity/Q5125935,UNVERIFIED_WIKIDATA,PENDING
P_CLARA_ANT_L03,P_CLARA_ANT,youtube,https://www.youtube.com/channel/UCAZCX4b-wbWMo_RVBKuXZNg,https://www.youtube.com/results?search_query=Clara+Ant+Bolivia&sp=EgIQAg%3D%3D,UNVERIFIED_SEARCH,PENDING
P_EVA_COPA_L01,P_EVA_COPA,youtube,https://www.youtube.com/channel/UCP2h8OiTv3LAduuxtyhU-5Q,https://www.youtube.com/results?search_query=Eva+Copa+Bolivia&sp=EgIQAg%3D%3D,UNVERIFIED_SEARCH,PENDING
P_EVO_MORALES_L01,P_EVO_MORALES,instagram,https://www.instagram.com/evomoralesayma,https://www.wikidata.org/entity/Q42410,UNVERIFIED_WIKIDATA,PENDING
P_EVO_MORALES_L02,P_EVO_MORALES,facebook,https://www.facebook.com/EvoMASFuturo,https://www.wikidata.org/entity/Q42410,UNVERIFIED_WIKIDATA,PENDING
P_EVO_MORALES_L03,P_EVO_MORALES,twitter,https://x.com/evoespueblo,https://www.wikidata.org/entity/Q42410,UNVERIFIED_WIKIDATA,PENDING
P_EVO_MORALES_L04,P_EVO_MORALES,youtube,https://www.youtube.com/channel/UC7DY_TQRpK7F615icq22aHg,https://www.youtube.com/results?search_query=Evo+Morales+Bolivia&sp=EgIQAg%3D%3D,UNVERIFIED_SEARCH,PENDING
P_FERNANDO_HUANACUNI_MAMANI_L01,P_FERNANDO_HUANACUNI_MAMANI,twitter,https://x.com/huanacuni_m,https://www.wikidata.org/entity/Q23907183,UNVERIFIED_WIKIDATA,PENDING
P_GABRIELA_MONTANO_L01,P_GABRIELA_MONTANO,twitter,https://x.com/gabrielascz,https://www.wikidata.org/entity/Q19545830,UNVERIFIED_WIKIDATA,PENDING
P_GONZALO_SANCHEZ_DE_LOZADA_L01,P_GONZALO_SANCHEZ_DE_LOZADA,youtube,https://www.youtube.com/channel/UCKx0jpqMFErjMas-eQzArOA,https://www.youtube.com/results?search_query=Gonzalo+S%C3%A1nchez+de+Lozada+Bolivia&sp=EgIQAg%3D%3D,UNVERIFIED_SEARCH,PENDING
P_JEANINE_ANEZ_L01,P_JEANINE_ANEZ,instagram,https://www.instagram.com/jeanineanez,https://www.wikidata.org/entity/Q16581287,UNVERIFIED_WIKIDATA,PENDING
P_JEANINE_ANEZ_L02,P_JEANINE_ANEZ,facebook,https://www.facebook.com/jeanineanezc,https://www.wikidata.org/entity/Q16581287,UNVERIFIED_WIKIDATA,PENDING
P_JEANINE_ANEZ_L03,P_JEANINE_ANEZ,twitter,https://x.com/JeanineAnez,https://www.wikidata.org/entity/Q16581287,UNVERIFIED_WIKIDATA,PENDING
P_JESSICA_JORDAN_L01,P_JESSICA_JORDAN,youtube,https://www.youtube.com/channel/UC9bVTxF80ZrLEs_0KyFmOrQ,https://www.youtube.com/results?search_query=Jessica+Jordan+Bolivia&sp=EgIQAg%3D%3D,UNVERIFIED_SEARCH,PENDING
P_JORGE_QUIROGA_RAMIREZ_L01,P_JORGE_QUIROGA_RAMIREZ,facebook,https://www.facebook.com/TutoQuiroga,https://www.wikidata.org/entity/Q468805,UNVERIFIED_WIKIDATA,PENDING
P_JORGE_QUIROGA_RAMIREZ_L02,P_JORGE_QUIROGA_RAMIREZ,twitter,https://x.com/tutoquiroga,https://www.wikidata.org/entity/Q468805,UNVERIFIED_WIKIDATA,PENDING
P_LUIS_ARCE_L01,P_LUIS_ARCE,twitter,https://x.com/LuchoXBolivia,https://www.wikidata.org/entity/Q16149892,UNVERIFIED_WIKIDATA,PENDING
P_LUIS_FERNANDO_CAMACHO_L01,P_LUIS_FERNANDO_CAMACHO,twitter,https://x.com/LuisFerCamachoV,https://www.wikidata.org/entity/Q73634426,UNVERIFIED_WIKIDATA,PENDING
P_MANFRED_REYES_VILLA_L01,P_MANFRED_REYES_VILLA,youtube,https://www.youtube.com/channel/UC_7D94swWbPgBBBAGd3Ahqw,https://www.youtube.com/results?search_query=Manfred+Reyes+Villa+Bolivia&sp=EgIQAg%3D%3D,UNVERIFIED_SEARCH,PENDING
P_PABLO_SOLON_ROMERO_L01,P_PABLO_SOLON_ROMERO,twitter,https://x.com/pablosolon,https://www.wikidata.org/entity/Q6356968,UNVERIFIED_WIKIDATA,PENDING
P_RODRIGO_PAZ_PEREIRA_L01,P_RODRIGO_PAZ_PEREIRA,instagram,https://www.instagram.com/rodrigopazpereira,https://www.wikidata.org/entity/Q110520817,UNVERIFIED_WIKIDATA,PENDING
P_RODRIGO_PAZ_PEREIRA_L02,P_RODRIGO_PAZ_PEREIRA,twitter,https://x.com/rodrigo_pazp,https://www.wikidata.org/entity/Q110520817,UNVERIFIED_WIKIDATA,PENDING
P_RODRIGO_PAZ_PEREIRA_L03,P_RODRIGO_PAZ_PEREIRA,youtube,https://www.youtube.com/channel/UCqHhgowjCVL_jHC8dpC0How,https://www.youtube.com/results?search_query=Rodrigo+Paz+Pereira+Bolivia&sp=EgIQAg%3D%3D,UNVERIFIED_SEARCH,PENDING
P_SAMUEL_DORIA_MEDINA_L01,P_SAMUEL_DORIA_MEDINA,twitter,https://x.com/SDoriaMedina,https://www.wikidata.org/entity/Q7411880,UNVERIFIED_WIKIDATA,PENDING
P_SAMUEL_DORIA_MEDINA_L02,P_SAMUEL_DORIA_MEDINA,youtube,https://www.youtube.com/channel/UCrhf2wJsnULiChN9o9l9imw,https://www.youtube.com/results?search_query=Samuel+Doria+Medina+Bolivia&sp=EgIQAg%3D%3D,UNVERIFIED_SEARCH,PENDING
P_VICTOR_HUGO_CARDENAS_L01,P_VICTOR_HUGO_CARDENAS,twitter,https://x.com/vhcardenasc,https://www.wikidata.org/entity/Q9095298,UNVERIFIED_WIKIDATA,PENDING
P_WILMA_ALANOCA_MAMANI_L01,P_WILMA_ALANOCA_MAMANI,facebook,https://www.facebook.com/wilmaconcejalelalto,https://www.wikidata.org/entity/Q47004672,UNVERIFIED_WIKIDATA,PENDING
P_WILMA_ALANOCA_MAMANI_L02,P_WILMA_ALANOCA_MAMANI,twitter,https://x.com/wilmalanoca,https://www.wikidata.org/entity/Q47004672,UNVERIFIED_WIKIDATA,PENDING
P_DAYANA_PEREZ_L01,P_DAYANA_PEREZ,youtube,https://www.youtube.com/channel/UClIVbqZo67ldEca-vm1_2Sw,https://www.youtube.com/results?search_query=Dayana+Perez+Bolivia&sp=EgIQAg%3D%3D,UNVERIFIED_SEARCH,PENDING
P_FREDDY_MAMANI_LAURA_L01,P_FREDDY_MAMANI_LAURA,youtube,https://www.youtube.com/channel/UC9RCj3G4ve0Mc_P-Z2RdkNA,https://www.youtube.com/results?search_query=Freddy+Mamani+Laura+Bolivia&sp=EgIQAg%3D%3D,UNVERIFIED_SEARCH,PENDING
P_SILVIA_RIVERA_CUSICANQUI_L01,P_SILVIA_RIVERA_CUSICANQUI,twitter,https://x.com/botchixi,https://www.wikidata.org/entity/Q7517038,UNVERIFIED_WIKIDATA,PENDING
P_ALEJANDRO_CHUMACERO_L01,P_ALEJANDRO_CHUMACERO,twitter,https://x.com/alejandrocb54,https://www.wikidata.org/entity/Q2017783,UNVERIFIED_WIKIDATA,PENDING
P_ALEJANDRO_CHUMACERO_L02,P_ALEJANDRO_CHUMACERO,youtube,https://www.youtube.com/channel/UCPK9cyNi_IRNRpngqQ1XCrw,https://www.youtube.com/results?search_query=Alejandro+Chumacero+Bolivia&sp=EgIQAg%3D%3D,UNVERIFIED_SEARCH,PENDING
P_ALVARO_PENA_L01,P_ALVARO_PENA,youtube,https://www.youtube.com/channel/UCxpdW_AgRPVM-nqPjE0RODg,https://www.youtube.com/results?search_query=%C3%81lvaro+Pe%C3%B1a+Bolivia&sp=EgIQAg%3D%3D,UNVERIFIED_SEARCH,PENDING
P_BRUNO_MIRANDA_L01,P_BRUNO_MIRANDA,youtube,https://www.youtube.com/channel/UC3ILZPj637MEIL8zBMLb3JA,https://www.youtube.com/results?search_query=Bruno+Miranda+Bolivia&sp=EgIQAg%3D%3D,UNVERIFIED_SEARCH,PENDING
P_BRUNO_ROJAS_L01,P_BRUNO_ROJAS,youtube,https://www.youtube.com/channel/UC1wEVxsqMvx8OOkHojfvPJg,https://www.youtube.com/results?search_query=Bruno+Rojas+Bolivia&sp=EgIQAg%3D%3D,UNVERIFIED_SEARCH,PENDING
P_CARLOS_ARAGONES_L01,P_CARLOS_ARAGONES,youtube,https://www.youtube.com/channel/UC4iD8G6W4gyFeTJzYwI9O4A,https://www.youtube.com/results?search_query=Carlos+Aragon%C3%A9s+Bolivia&sp=EgIQAg%3D%3D,UNVERIFIED_SEARCH,PENDING
P_DANNY_BEJARANO_L01,P_DANNY_BEJARANO,youtube,https://www.youtube.com/channel/UCjkZRJ7NsvjtWuA2GUl2CJw,https://www.youtube.com/results?search_query=Danny+Bejarano+Bolivia&sp=EgIQAg%3D%3D,UNVERIFIED_SEARCH,PENDING
P_DIEGO_BEJARANO_L01,P_DIEGO_BEJARANO,youtube,https://www.youtube.com/channel/UCko3Wa1FQIeejn59EJwIUcQ,https://www.youtube.com/results?search_query=Diego+Bejarano+Bolivia&sp=EgIQAg%3D%3D,UNVERIFIED_SEARCH,PENDING
P_ERWIN_SAAVEDRA_L01,P_ERWIN_SAAVEDRA,youtube,https://www.youtube.com/channel/UCzHeOf4PbGg5VbDUqi8C9kw,https://www.youtube.com/results?search_query=Erwin+Saavedra+Bolivia&sp=EgIQAg%3D%3D,UNVERIFIED_SEARCH,PENDING
P_HENRY_VACA_L01,P_HENRY_VACA,youtube,https://www.youtube.com/channel/UCUyIZfiMVLHKFHCm4dnPI8w,https://www.youtube.com/results?search_query=Henry+Vaca+Bolivia&sp=EgIQAg%3D%3D,UNVERIFIED_SEARCH,PENDING
P_JOSE_AUGUSTO_TORRES_GIL_L01,P_JOSE_AUGUSTO_TORRES_GIL,instagram,https://www.instagram.com/malignobmx,https://www.wikidata.org/entity/Q59747209,UNVERIFIED_WIKIDATA,PENDING
P_LEONEL_JUSTINIANO_L01,P_LEONEL_JUSTINIANO,youtube,https://www.youtube.com/channel/UCfpxzacR7tjXVl8XHV33Elg,https://www.youtube.com/results?search_query=Leonel+Justiniano+Bolivia&sp=EgIQAg%3D%3D,UNVERIFIED_SEARCH,PENDING
P_LEONEL_MORALES_L01,P_LEONEL_MORALES,youtube,https://www.youtube.com/channel/UC6JZXlgUl9vHo_MrLrxSy7w,https://www.youtube.com/results?search_query=Leonel+Morales+Bolivia&sp=EgIQAg%3D%3D,UNVERIFIED_SEARCH,PENDING
P_LUIS_HAQUIN_L01,P_LUIS_HAQUIN,instagram,https://www.instagram.com/luishaquin4,https://hypeauditor.com/top-instagram-all-bolivia/,UNVERIFIED_DIRECTORY,PENDING
P_MARCELO_MARTINS_MORENO_L01,P_MARCELO_MARTINS_MORENO,instagram,https://www.instagram.com/marcelo_moreno,https://www.wikidata.org/entity/Q370507,UNVERIFIED_WIKIDATA,PENDING
P_MARCELO_MARTINS_MORENO_L02,P_MARCELO_MARTINS_MORENO,twitter,https://x.com/marcelo_moreno,https://www.wikidata.org/entity/Q370507,UNVERIFIED_WIKIDATA,PENDING
P_MARCELO_TORRICO_L01,P_MARCELO_TORRICO,youtube,https://www.youtube.com/channel/UCucdk3GxJZlxWWIjN4m8HVw,https://www.youtube.com/results?search_query=Marcelo+Torrico+Bolivia&sp=EgIQAg%3D%3D,UNVERIFIED_SEARCH,PENDING
P_MAURICIO_BALDIVIESO_L01,P_MAURICIO_BALDIVIESO,youtube,https://www.youtube.com/channel/UCYMEYdpCdL9O_DaWSOrSXAw,https://www.youtube.com/results?search_query=Mauricio+Baldivieso+Bolivia&sp=EgIQAg%3D%3D,UNVERIFIED_SEARCH,PENDING
P_MAURICIO_RAMOS_L01,P_MAURICIO_RAMOS,youtube,https://www.youtube.com/channel/UCCMYzkCA0snJZd7tVvuQxLA,https://www.youtube.com/results?search_query=Mauricio+Ramos+Bolivia&sp=EgIQAg%3D%3D,UNVERIFIED_SEARCH,PENDING
P_MOISES_PANIAGUA_L01,P_MOISES_PANIAGUA,youtube,https://www.youtube.com/channel/UCLGux3usxA67AGLvxSGId1g,https://www.youtube.com/results?search_query=Mois%C3%A9s+Paniagua+Bolivia&sp=EgIQAg%3D%3D,UNVERIFIED_SEARCH,PENDING
P_PABLO_JAVIER_PEREZ_L01,P_PABLO_JAVIER_PEREZ,twitter,https://x.com/pabloperez_08,https://www.wikidata.org/entity/Q7121729,UNVERIFIED_WIKIDATA,PENDING
P_RAMIRO_VACA_L01,P_RAMIRO_VACA,instagram,https://www.instagram.com/ramirovaca8,https://hypeauditor.com/top-instagram-all-bolivia/,UNVERIFIED_DIRECTORY,PENDING
P_SEBASTIAN_GAMARRA_L01,P_SEBASTIAN_GAMARRA,twitter,https://x.com/sebasgamarra97,https://www.wikidata.org/entity/Q20026825,UNVERIFIED_WIKIDATA,PENDING
P_SEBASTIAN_GAMARRA_L02,P_SEBASTIAN_GAMARRA,youtube,https://www.youtube.com/channel/UCGwa30Ti8VNHXtHQZhfMEdQ,https://www.youtube.com/results?search_query=Sebasti%C3%A1n+Gamarra+Bolivia&sp=EgIQAg%3D%3D,UNVERIFIED_SEARCH,PENDING
P_VICENTE_ARZE_L01,P_VICENTE_ARZE,youtube,https://www.youtube.com/channel/UCrqFPIGI4GIsiwl-B653fuw,https://www.youtube.com/results?search_query=Vicente+Arze+Bolivia&sp=EgIQAg%3D%3D,UNVERIFIED_SEARCH,PENDING
P_VLADIMIR_SORIA_L01,P_VLADIMIR_SORIA,youtube,https://www.youtube.com/channel/UCKQ1zt7mFz8V-x4O_1hqWGw,https://www.youtube.com/results?search_query=Vladimir+Soria+Bolivia&sp=EgIQAg%3D%3D,UNVERIFIED_SEARCH,PENDING
P_KATHRIN_BARBOZA_MARQUEZ_L01,P_KATHRIN_BARBOZA_MARQUEZ,instagram,https://www.instagram.com/kat_murci_pilatera,https://www.wikidata.org/entity/Q19558428,UNVERIFIED_WIKIDATA,PENDING
