person_id,name,sector,identity_status_in_roster,age_status_in_roster,account_status_in_roster,account_leads_count,separate_pilot_review_exists,new_review_status,inclusion_sources_json
P_ALBERTO_VALDES_ANDREATTA,Alberto Valdes Andreatta,BUSINESS,PENDING,PENDING,PENDING,0,False,PENDING,"[{""source"": ""MERCO_LEADERS_2025_26"", ""url"": ""https://www.merco.info/bo/ranking-merco-lideres"", ""rank"": 53}]"
P_ALFONSO_KREIDLER,Alfonso Kreidler,BUSINESS,PENDING,PENDING,PENDING,0,False,PENDING,"[{""source"": ""MERCO_LEADERS_2025_26"", ""url"": ""https://www.merco.info/bo/ranking-merco-lideres"", ""rank"": 85}]"
P_ANDRES_MORENO,Andres Moreno,BUSINESS,PENDING,PENDING,PENDING,0,False,PENDING,"[{""source"": ""MERCO_LEADERS_2025_26"", ""url"": ""https://www.merco.info/bo/ranking-merco-lideres"", ""rank"": 60}]"
P_ANTONIO_VALDA,Antonio Valda,BUSINESS,PENDING,PENDING,PENDING,0,False,PENDING,"[{""source"": ""MERCO_LEADERS_2025_26"", ""url"": ""https://www.merco.info/bo/ranking-merco-lideres"", ""rank"": 38}]"
P_BEATRIZ_TELCHI,Beatriz Telchi,BUSINESS,PENDING,PENDING,PENDING,0,False,PENDING,"[{""source"": ""MERCO_LEADERS_2025_26"", ""url"": ""https://www.merco.info/bo/ranking-merco-lideres"", ""rank"": 95}]"
P_CARLOS_CABALLERO,Carlos Caballero,BUSINESS,PENDING,PENDING,PENDING,1,False,PENDING,"[{""source"": ""MERCO_LEADERS_2025_26"", ""url"": ""https://www.merco.info/bo/ranking-merco-lideres"", ""rank"": 88}]"
P_CARLOS_KEMPFF,Carlos Kempff,BUSINESS,PENDING,PENDING,PENDING,0,False,PENDING,"[{""source"": ""MERCO_LEADERS_2025_26"", ""url"": ""https://www.merco.info/bo/ranking-merco-lideres"", ""rank"": 51}]"
P_CARLOS_LIMPIAS,Carlos Limpias,BUSINESS,PENDING,PENDING,PENDING,0,False,PENDING,"[{""source"": ""MERCO_LEADERS_2025_26"", ""url"": ""https://www.merco.info/bo/ranking-merco-lideres"", ""rank"": 12}]"
P_CARLOS_PAZ,Carlos Paz,BUSINESS,PENDING,PENDING,PENDING,0,False,PENDING,"[{""source"": ""MERCO_LEADERS_2025_26"", ""url"": ""https://www.merco.info/bo/ranking-merco-lideres"", ""rank"": 78}]"
P_CARLOS_RUPAY,Carlos Rupay,BUSINESS,PENDING,PENDING,PENDING,0,False,PENDING,"[{""source"": ""MERCO_LEADERS_2025_26"", ""url"": ""https://www.merco.info/bo/ranking-merco-lideres"", ""rank"": 52}]"
P_CARMELO_PAZ_DURAN,Carmelo Paz Duran,BUSINESS,PENDING,PENDING,PENDING,0,False,PENDING,"[{""source"": ""MERCO_LEADERS_2025_26"", ""url"": ""https://www.merco.info/bo/ranking-merco-lideres"", ""rank"": 74}]"
P_CECILIA_HURTADO,Cecilia Hurtado,BUSINESS,PENDING,PENDING,PENDING,1,False,PENDING,"[{""source"": ""MERCO_LEADERS_2025_26"", ""url"": ""https://www.merco.info/bo/ranking-merco-lideres"", ""rank"": 90}]"
P_CECILIA_ZELAYA,Cecilia Zelaya,BUSINESS,PENDING,PENDING,PENDING,0,False,PENDING,"[{""source"": ""MERCO_LEADERS_2025_26"", ""url"": ""https://www.merco.info/bo/ranking-merco-lideres"", ""rank"": 84}]"
P_CHRISTIAN_HAUSHERR,Christian Hausherr,BUSINESS,PENDING,PENDING,PENDING,0,False,PENDING,"[{""source"": ""MERCO_LEADERS_2025_26"", ""url"": ""https://www.merco.info/bo/ranking-merco-lideres"", ""rank"": 27}]"
P_CHRISTOPH_POSTEY,Christoph Postey,BUSINESS,PENDING,PENDING,PENDING,0,False,PENDING,"[{""source"": ""MERCO_LEADERS_2025_26"", ""url"": ""https://www.merco.info/bo/ranking-merco-lideres"", ""rank"": 48}]"
P_CONRAD_VON_BERGEN,Conrad Von Bergen,BUSINESS,PENDING,PENDING,PENDING,0,False,PENDING,"[{""source"": ""MERCO_LEADERS_2025_26"", ""url"": ""https://www.merco.info/bo/ranking-merco-lideres"", ""rank"": 62}]"
P_CRISTIAN_DAHER,Cristian Daher,BUSINESS,PENDING,PENDING,PENDING,0,False,PENDING,"[{""source"": ""MERCO_LEADERS_2025_26"", ""url"": ""https://www.merco.info/bo/ranking-merco-lideres"", ""rank"": 65}]"
P_CRISTINA_ROCA,Cristina Roca,BUSINESS,PENDING,PENDING,PENDING,1,False,PENDING,"[{""source"": ""MERCO_LEADERS_2025_26"", ""url"": ""https://www.merco.info/bo/ranking-merco-lideres"", ""rank"": 36}]"
P_CRISTOBAL_RODA,Cristobal Roda,BUSINESS,PENDING,PENDING,PENDING,0,False,PENDING,"[{""source"": ""MERCO_LEADERS_2025_26"", ""url"": ""https://www.merco.info/bo/ranking-merco-lideres"", ""rank"": 8}]"
P_DANIEL_AGUILAR,Daniel Aguilar,BUSINESS,PENDING,PENDING,PENDING,1,False,PENDING,"[{""source"": ""MERCO_LEADERS_2025_26"", ""url"": ""https://www.merco.info/bo/ranking-merco-lideres"", ""rank"": 13}]"
P_DANIEL_SOLOGUREN,Daniel Sologuren,BUSINESS,PENDING,PENDING,PENDING,0,False,PENDING,"[{""source"": ""MERCO_LEADERS_2025_26"", ""url"": ""https://www.merco.info/bo/ranking-merco-lideres"", ""rank"": 82}]"
P_DARKO_ZUAZO,Darko Zuazo,BUSINESS,PENDING,PENDING,PENDING,0,False,PENDING,"[{""source"": ""MERCO_LEADERS_2025_26"", ""url"": ""https://www.merco.info/bo/ranking-merco-lideres"", ""rank"": 15}]"
P_DENISE_HURTADO,Denise Hurtado,BUSINESS,PENDING,PENDING,PENDING,0,False,PENDING,"[{""source"": ""MERCO_LEADERS_2025_26"", ""url"": ""https://www.merco.info/bo/ranking-merco-lideres"", ""rank"": 99}]"
P_DIANA_HURTADO,Diana Hurtado,BUSINESS,PENDING,PENDING,PENDING,1,False,PENDING,"[{""source"": ""MERCO_LEADERS_2025_26"", ""url"": ""https://www.merco.info/bo/ranking-merco-lideres"", ""rank"": 57}]"
P_DIEGO_MORENO,Diego Moreno,BUSINESS,PENDING,PENDING,PENDING,1,False,PENDING,"[{""source"": ""MERCO_LEADERS_2025_26"", ""url"": ""https://www.merco.info/bo/ranking-merco-lideres"", ""rank"": 67}]"
P_DIEGO_SULZER,Diego Sülzer,BUSINESS,PENDING,PENDING,PENDING,0,False,PENDING,"[{""source"": ""MERCO_LEADERS_2025_26"", ""url"": ""https://www.merco.info/bo/ranking-merco-lideres"", ""rank"": 81}]"
P_EDUARDO_ROCHA,Eduardo Rocha,BUSINESS,PENDING,PENDING,PENDING,1,False,PENDING,"[{""source"": ""MERCO_LEADERS_2025_26"", ""url"": ""https://www.merco.info/bo/ranking-merco-lideres"", ""rank"": 34}]"
P_EDUARDO_TORRECILLAS,Eduardo Torrecillas,BUSINESS,PENDING,PENDING,PENDING,0,False,PENDING,"[{""source"": ""MERCO_LEADERS_2025_26"", ""url"": ""https://www.merco.info/bo/ranking-merco-lideres"", ""rank"": 83}]"
P_ERNESTO_MONASTERIO,Ernesto Monasterio,BUSINESS,PENDING,PENDING,PENDING,0,False,PENDING,"[{""source"": ""MERCO_LEADERS_2025_26"", ""url"": ""https://www.merco.info/bo/ranking-merco-lideres"", ""rank"": 37}]"
P_FEDERICO_STELZER,Federico Stelzer,BUSINESS,PENDING,PENDING,PENDING,0,False,PENDING,"[{""source"": ""MERCO_LEADERS_2025_26"", ""url"": ""https://www.merco.info/bo/ranking-merco-lideres"", ""rank"": 11}]"
P_FERNANDO_HURTADO,Fernando Hurtado,BUSINESS,PENDING,PENDING,PENDING,1,False,PENDING,"[{""source"": ""MERCO_LEADERS_2025_26"", ""url"": ""https://www.merco.info/bo/ranking-merco-lideres"", ""rank"": 70}]"
P_FERNANDO_IBANEZ_CUELLAR,Fernando Ibañez Cuellar,BUSINESS,PENDING,PENDING,PENDING,0,False,PENDING,"[{""source"": ""MERCO_LEADERS_2025_26"", ""url"": ""https://www.merco.info/bo/ranking-merco-lideres"", ""rank"": 66}]"
P_FERNANDO_MONASTERIO,Fernando Monasterio,BUSINESS,PENDING,PENDING,PENDING,0,False,PENDING,"[{""source"": ""MERCO_LEADERS_2025_26"", ""url"": ""https://www.merco.info/bo/ranking-merco-lideres"", ""rank"": 40}]"
P_FERNANDO_TUMA,Fernando Tuma,BUSINESS,PENDING,PENDING,PENDING,0,False,PENDING,"[{""source"": ""MERCO_LEADERS_2025_26"", ""url"": ""https://www.merco.info/bo/ranking-merco-lideres"", ""rank"": 39}]"
P_FRANCISCO_JAVIER_SHWORTSHIK,Francisco Javier Shwortshik,BUSINESS,PENDING,PENDING,PENDING,0,False,PENDING,"[{""source"": ""MERCO_LEADERS_2025_26"", ""url"": ""https://www.merco.info/bo/ranking-merco-lideres"", ""rank"": 32}]"
P_GARY_RODRIGUEZ,Gary Rodriguez,BUSINESS,PENDING,PENDING,PENDING,1,False,PENDING,"[{""source"": ""MERCO_LEADERS_2025_26"", ""url"": ""https://www.merco.info/bo/ranking-merco-lideres"", ""rank"": 59}]"
P_HERBERT_VARGAS,Herbert Vargas,BUSINESS,PENDING,PENDING,PENDING,0,False,PENDING,"[{""source"": ""MERCO_LEADERS_2025_26"", ""url"": ""https://www.merco.info/bo/ranking-merco-lideres"", ""rank"": 9}]"
P_HUGO_DE_GRANDCHANT,Hugo De Grandchant,BUSINESS,PENDING,PENDING,PENDING,0,False,PENDING,"[{""source"": ""MERCO_LEADERS_2025_26"", ""url"": ""https://www.merco.info/bo/ranking-merco-lideres"", ""rank"": 24}]"
P_IBO_BLAZICEVIC,Ibo Blazicevic,BUSINESS,PENDING,PENDING,PENDING,0,False,PENDING,"[{""source"": ""MERCO_LEADERS_2025_26"", ""url"": ""https://www.merco.info/bo/ranking-merco-lideres"", ""rank"": 79}]"
P_IVO_KULJIS,Ivo Kuljis,BUSINESS,PENDING,PENDING,PENDING,0,False,PENDING,"[{""source"": ""MERCO_LEADERS_2025_26"", ""url"": ""https://www.merco.info/bo/ranking-merco-lideres"", ""rank"": 6}]"
P_JAIME_BARRENECHEA,Jaime Barrenechea,BUSINESS,PENDING,PENDING,PENDING,0,False,PENDING,"[{""source"": ""MERCO_LEADERS_2025_26"", ""url"": ""https://www.merco.info/bo/ranking-merco-lideres"", ""rank"": 56}]"
P_JAVIER_UREY,Javier Urey,BUSINESS,PENDING,PENDING,PENDING,0,False,PENDING,"[{""source"": ""MERCO_LEADERS_2025_26"", ""url"": ""https://www.merco.info/bo/ranking-merco-lideres"", ""rank"": 80}]"
P_JEAN_PIERRE_ANTELO,Jean Pierre Antelo,BUSINESS,PENDING,PENDING,PENDING,0,False,PENDING,"[{""source"": ""MERCO_LEADERS_2025_26"", ""url"": ""https://www.merco.info/bo/ranking-merco-lideres"", ""rank"": 14}]"
P_JERONIMO_VAQUEIRO,Jeronimo Vaqueiro,BUSINESS,PENDING,PENDING,PENDING,0,False,PENDING,"[{""source"": ""MERCO_LEADERS_2025_26"", ""url"": ""https://www.merco.info/bo/ranking-merco-lideres"", ""rank"": 21}]"
P_JORGE_ARIAS,Jorge Arias,BUSINESS,PENDING,PENDING,PENDING,0,False,PENDING,"[{""source"": ""MERCO_LEADERS_2025_26"", ""url"": ""https://www.merco.info/bo/ranking-merco-lideres"", ""rank"": 98}]"
P_JORGE_LAFUENTE,Jorge Lafuente,BUSINESS,PENDING,PENDING,PENDING,0,False,PENDING,"[{""source"": ""MERCO_LEADERS_2025_26"", ""url"": ""https://www.merco.info/bo/ranking-merco-lideres"", ""rank"": 94}]"
P_JORGE_LOPEZ,Jorge Lopez,BUSINESS,PENDING,PENDING,PENDING,1,False,PENDING,"[{""source"": ""MERCO_LEADERS_2025_26"", ""url"": ""https://www.merco.info/bo/ranking-merco-lideres"", ""rank"": 77}]"
P_JOSE_ANDRES_ABRAHAM_HANDAL,Jose Andres Abraham Handal,BUSINESS,PENDING,PENDING,PENDING,0,False,PENDING,"[{""source"": ""MERCO_LEADERS_2025_26"", ""url"": ""https://www.merco.info/bo/ranking-merco-lideres"", ""rank"": 7}]"
P_JOSE_LUIS_CAMACHO,Jose Luis Camacho,BUSINESS,PENDING,PENDING,PENDING,0,False,PENDING,"[{""source"": ""MERCO_LEADERS_2025_26"", ""url"": ""https://www.merco.info/bo/ranking-merco-lideres"", ""rank"": 18}]"
P_JOSE_LUIS_HANDAL,Jose Luis Handal,BUSINESS,PENDING,PENDING,PENDING,0,False,PENDING,"[{""source"": ""MERCO_LEADERS_2025_26"", ""url"": ""https://www.merco.info/bo/ranking-merco-lideres"", ""rank"": 93}]"
P_JOSE_NICOLAS_LANDIVAR,Jose Nicolas Landivar,BUSINESS,PENDING,PENDING,PENDING,0,False,PENDING,"[{""source"": ""MERCO_LEADERS_2025_26"", ""url"": ""https://www.merco.info/bo/ranking-merco-lideres"", ""rank"": 75}]"
P_JOSEPH_DAVID_ASSELS,Joseph David Assels,BUSINESS,PENDING,PENDING,PENDING,0,False,PENDING,"[{""source"": ""MERCO_LEADERS_2025_26"", ""url"": ""https://www.merco.info/bo/ranking-merco-lideres"", ""rank"": 71}]"
P_JUAN_CARLOS_ZURITA,Juan Carlos Zurita,BUSINESS,PENDING,PENDING,PENDING,0,False,PENDING,"[{""source"": ""MERCO_LEADERS_2025_26"", ""url"": ""https://www.merco.info/bo/ranking-merco-lideres"", ""rank"": 92}]"
P_JULIO_ENRIQUE_ANGLARILL,Julio Enrique Anglarill,BUSINESS,PENDING,PENDING,PENDING,0,False,PENDING,"[{""source"": ""MERCO_LEADERS_2025_26"", ""url"": ""https://www.merco.info/bo/ranking-merco-lideres"", ""rank"": 16}]"
P_JULIO_LEON_PRADO,Julio Leon Prado,BUSINESS,PENDING,PENDING,PENDING,0,False,PENDING,"[{""source"": ""MERCO_LEADERS_2025_26"", ""url"": ""https://www.merco.info/bo/ranking-merco-lideres"", ""rank"": 33}]"
P_LAUREN_MULLER_DE_PACHECO,Lauren Müller De Pacheco,BUSINESS,PENDING,PENDING,PENDING,0,False,PENDING,"[{""source"": ""MERCO_LEADERS_2025_26"", ""url"": ""https://www.merco.info/bo/ranking-merco-lideres"", ""rank"": 10}]"
P_LEONARDO_SALVATIERRA,Leonardo Salvatierra,BUSINESS,PENDING,PENDING,PENDING,1,False,PENDING,"[{""source"": ""MERCO_LEADERS_2025_26"", ""url"": ""https://www.merco.info/bo/ranking-merco-lideres"", ""rank"": 41}]"
P_LILIANA_CASTELLANOS,Liliana Castellanos,BUSINESS,PENDING,PENDING,PENDING,1,False,PENDING,"[{""source"": ""MERCO_LEADERS_2025_26"", ""url"": ""https://www.merco.info/bo/ranking-merco-lideres"", ""rank"": 61}]"
P_LUIS_FERNANDO_BARBERY,Luis Fernando Barbery,BUSINESS,PENDING,PENDING,PENDING,0,False,PENDING,"[{""source"": ""MERCO_LEADERS_2025_26"", ""url"": ""https://www.merco.info/bo/ranking-merco-lideres"", ""rank"": 54}]"
P_LUIS_FERNANDO_MORALES_SIMON,Luis Fernando Morales Simon,BUSINESS,PENDING,PENDING,PENDING,0,False,PENDING,"[{""source"": ""MERCO_LEADERS_2025_26"", ""url"": ""https://www.merco.info/bo/ranking-merco-lideres"", ""rank"": 46}]"
P_LUIS_FERNANDO_SAAVEDRA,Luis Fernando Saavedra,BUSINESS,PENDING,PENDING,PENDING,1,False,PENDING,"[{""source"": ""MERCO_LEADERS_2025_26"", ""url"": ""https://www.merco.info/bo/ranking-merco-lideres"", ""rank"": 26}]"
P_LUIS_PABLO_GRANIER,Luis Pablo Granier,BUSINESS,PENDING,PENDING,PENDING,0,False,PENDING,"[{""source"": ""MERCO_LEADERS_2025_26"", ""url"": ""https://www.merco.info/bo/ranking-merco-lideres"", ""rank"": 58}]"
P_MANUEL_LAREDO,Manuel Laredo,BUSINESS,PENDING,PENDING,PENDING,0,False,PENDING,"[{""source"": ""MERCO_LEADERS_2025_26"", ""url"": ""https://www.merco.info/bo/ranking-merco-lideres"", ""rank"": 69}]"
P_MARCELO_MORALES,Marcelo Morales,BUSINESS,PENDING,PENDING,PENDING,0,False,PENDING,"[{""source"": ""MERCO_LEADERS_2025_26"", ""url"": ""https://www.merco.info/bo/ranking-merco-lideres"", ""rank"": 22}]"
P_MARCO_ANTONIO_ASBUN,Marco Antonio Asbun,BUSINESS,PENDING,PENDING,PENDING,0,False,PENDING,"[{""source"": ""MERCO_LEADERS_2025_26"", ""url"": ""https://www.merco.info/bo/ranking-merco-lideres"", ""rank"": 73}]"
P_MARIA_EUGENIA_GUTIERREZ,Maria Eugenia Gutierrez,BUSINESS,PENDING,PENDING,PENDING,0,False,PENDING,"[{""source"": ""MERCO_LEADERS_2025_26"", ""url"": ""https://www.merco.info/bo/ranking-merco-lideres"", ""rank"": 31}]"
P_MARIA_RENEE_CENTELLAS,Maria Renee Centellas,BUSINESS,PENDING,PENDING,PENDING,0,False,PENDING,"[{""source"": ""MERCO_LEADERS_2025_26"", ""url"": ""https://www.merco.info/bo/ranking-merco-lideres"", ""rank"": 4}]"
P_MARIANO_AGUILERA,Mariano Aguilera,BUSINESS,PENDING,PENDING,PENDING,0,False,PENDING,"[{""source"": ""MERCO_LEADERS_2025_26"", ""url"": ""https://www.merco.info/bo/ranking-merco-lideres"", ""rank"": 68}]"
P_MARIO_ANGLARILL_SALVATIERRA,Mario Anglarill Salvatierra,BUSINESS,PENDING,PENDING,PENDING,0,False,PENDING,"[{""source"": ""MERCO_LEADERS_2025_26"", ""url"": ""https://www.merco.info/bo/ranking-merco-lideres"", ""rank"": 5}]"
P_MARIO_ANGLARILL_SERRATE,Mario Anglarill Serrate,BUSINESS,PENDING,PENDING,PENDING,0,False,PENDING,"[{""source"": ""MERCO_LEADERS_2025_26"", ""url"": ""https://www.merco.info/bo/ranking-merco-lideres"", ""rank"": 17}]"
P_MICHELLE_NORIEGA,Michelle Noriega,BUSINESS,PENDING,PENDING,PENDING,0,False,PENDING,"[{""source"": ""MERCO_LEADERS_2025_26"", ""url"": ""https://www.merco.info/bo/ranking-merco-lideres"", ""rank"": 30}]"
P_MONIKA_JESSEN,Monika Jessen,BUSINESS,PENDING,PENDING,PENDING,0,False,PENDING,"[{""source"": ""MERCO_LEADERS_2025_26"", ""url"": ""https://www.merco.info/bo/ranking-merco-lideres"", ""rank"": 86}]"
P_NADIA_EID,Nadia Eid,BUSINESS,PENDING,PENDING,PENDING,0,False,PENDING,"[{""source"": ""MERCO_LEADERS_2025_26"", ""url"": ""https://www.merco.info/bo/ranking-merco-lideres"", ""rank"": 29}]"
P_NANCY_CAMPERO,Nancy Campero,BUSINESS,PENDING,PENDING,PENDING,0,False,PENDING,"[{""source"": ""MERCO_LEADERS_2025_26"", ""url"": ""https://www.merco.info/bo/ranking-merco-lideres"", ""rank"": 96}]"
P_OSCAR_ORTIZ,Oscar Ortiz,BUSINESS,PENDING,PENDING,PENDING,0,False,PENDING,"[{""source"": ""MERCO_LEADERS_2025_26"", ""url"": ""https://www.merco.info/bo/ranking-merco-lideres"", ""rank"": 47}]"
P_PABLO_BEDOYA,Pablo Bedoya,BUSINESS,PENDING,PENDING,PENDING,1,False,PENDING,"[{""source"": ""MERCO_LEADERS_2025_26"", ""url"": ""https://www.merco.info/bo/ranking-merco-lideres"", ""rank"": 2}]"
P_PERCY_ANEZ,Percy Añez,BUSINESS,PENDING,PENDING,PENDING,0,False,PENDING,"[{""source"": ""MERCO_LEADERS_2025_26"", ""url"": ""https://www.merco.info/bo/ranking-merco-lideres"", ""rank"": 35}]"
P_RAFAEL_PAZ_AGUILERA,Rafael Paz Aguilera,BUSINESS,PENDING,PENDING,PENDING,0,False,PENDING,"[{""source"": ""MERCO_LEADERS_2025_26"", ""url"": ""https://www.merco.info/bo/ranking-merco-lideres"", ""rank"": 63}]"
P_RAUL_STRAUSS,Raul Strauss,BUSINESS,PENDING,PENDING,PENDING,0,False,PENDING,"[{""source"": ""MERCO_LEADERS_2025_26"", ""url"": ""https://www.merco.info/bo/ranking-merco-lideres"", ""rank"": 44}]"
P_RICARDO_ANGLARILL_SERRATE,Ricardo Anglarill Serrate,BUSINESS,PENDING,PENDING,PENDING,0,False,PENDING,"[{""source"": ""MERCO_LEADERS_2025_26"", ""url"": ""https://www.merco.info/bo/ranking-merco-lideres"", ""rank"": 23}]"
P_ROBERTO_MAGANA,Roberto Magaña,BUSINESS,PENDING,PENDING,PENDING,0,False,PENDING,"[{""source"": ""MERCO_LEADERS_2025_26"", ""url"": ""https://www.merco.info/bo/ranking-merco-lideres"", ""rank"": 43}]"
P_RONALD_NOSTAS,Ronald Nostas,BUSINESS,PENDING,PENDING,PENDING,0,False,PENDING,"[{""source"": ""MERCO_LEADERS_2025_26"", ""url"": ""https://www.merco.info/bo/ranking-merco-lideres"", ""rank"": 72}]"
P_ROSARIO_PAZ_GUTIERREZ,Rosario Paz Gutierrez,BUSINESS,PENDING,PENDING,PENDING,0,False,PENDING,"[{""source"": ""MERCO_LEADERS_2025_26"", ""url"": ""https://www.merco.info/bo/ranking-merco-lideres"", ""rank"": 1}]"
P_SAMUEL_DORIA_MEDINA_MONJE,Samuel Doria Medina Monje,BUSINESS,PENDING,PENDING,PENDING,0,False,PENDING,"[{""source"": ""MERCO_LEADERS_2025_26"", ""url"": ""https://www.merco.info/bo/ranking-merco-lideres"", ""rank"": 3}]"
P_SANDRA_BRUNO,Sandra Bruno,BUSINESS,PENDING,PENDING,PENDING,1,False,PENDING,"[{""source"": ""MERCO_LEADERS_2025_26"", ""url"": ""https://www.merco.info/bo/ranking-merco-lideres"", ""rank"": 91}]"
P_SERGIO_ASBUN,Sergio Asbun,BUSINESS,PENDING,PENDING,PENDING,0,False,PENDING,"[{""source"": ""MERCO_LEADERS_2025_26"", ""url"": ""https://www.merco.info/bo/ranking-merco-lideres"", ""rank"": 25}]"
P_SERGIO_LOMA,Sergio Loma,BUSINESS,PENDING,PENDING,PENDING,0,False,PENDING,"[{""source"": ""MERCO_LEADERS_2025_26"", ""url"": ""https://www.merco.info/bo/ranking-merco-lideres"", ""rank"": 64}]"
P_SERGIO_PEREIRA,Sergio Pereira,BUSINESS,PENDING,PENDING,PENDING,1,False,PENDING,"[{""source"": ""MERCO_LEADERS_2025_26"", ""url"": ""https://www.merco.info/bo/ranking-merco-lideres"", ""rank"": 55}]"
P_STEFAN_POSTEY,Stefan Postey,BUSINESS,PENDING,PENDING,PENDING,0,False,PENDING,"[{""source"": ""MERCO_LEADERS_2025_26"", ""url"": ""https://www.merco.info/bo/ranking-merco-lideres"", ""rank"": 45}]"
P_SVEN_SCHILLING,Sven Schilling,BUSINESS,PENDING,PENDING,PENDING,0,False,PENDING,"[{""source"": ""MERCO_LEADERS_2025_26"", ""url"": ""https://www.merco.info/bo/ranking-merco-lideres"", ""rank"": 28}]"
P_TITO_ORELLANA,Tito Orellana,BUSINESS,PENDING,PENDING,PENDING,1,False,PENDING,"[{""source"": ""MERCO_LEADERS_2025_26"", ""url"": ""https://www.merco.info/bo/ranking-merco-lideres"", ""rank"": 97}]"
P_TOMISLAV_KULJIS,Tomislav Kuljis,BUSINESS,PENDING,PENDING,PENDING,0,False,PENDING,"[{""source"": ""MERCO_LEADERS_2025_26"", ""url"": ""https://www.merco.info/bo/ranking-merco-lideres"", ""rank"": 19}]"
P_VALENTINA_FORNO,Valentina Forno,BUSINESS,PENDING,PENDING,PENDING,0,False,PENDING,"[{""source"": ""MERCO_LEADERS_2025_26"", ""url"": ""https://www.merco.info/bo/ranking-merco-lideres"", ""rank"": 100}]"
P_VERONICA_AGREDA,Veronica Agreda,BUSINESS,PENDING,PENDING,PENDING,0,False,PENDING,"[{""source"": ""MERCO_LEADERS_2025_26"", ""url"": ""https://www.merco.info/bo/ranking-merco-lideres"", ""rank"": 76}]"
P_VERONICA_GAVILANES,Veronica Gavilanes,BUSINESS,PENDING,PENDING,PENDING,0,False,PENDING,"[{""source"": ""MERCO_LEADERS_2025_26"", ""url"": ""https://www.merco.info/bo/ranking-merco-lideres"", ""rank"": 42}]"
P_VICTOR_HUGO_JIMENEZ,Victor Hugo Jimenez,BUSINESS,PENDING,PENDING,PENDING,0,False,PENDING,"[{""source"": ""MERCO_LEADERS_2025_26"", ""url"": ""https://www.merco.info/bo/ranking-merco-lideres"", ""rank"": 89}]"
P_VIVIANA_PANIAGUA,Viviana Paniagua,BUSINESS,PENDING,PENDING,PENDING,0,False,PENDING,"[{""source"": ""MERCO_LEADERS_2025_26"", ""url"": ""https://www.merco.info/bo/ranking-merco-lideres"", ""rank"": 87}]"
P_WALTER_KULJIS,Walter Kuljis,BUSINESS,PENDING,PENDING,PENDING,0,False,PENDING,"[{""source"": ""MERCO_LEADERS_2025_26"", ""url"": ""https://www.merco.info/bo/ranking-merco-lideres"", ""rank"": 49}]"
P_XIMENA_BEHOTEGUY,Ximena Behoteguy,BUSINESS,PENDING,PENDING,PENDING,0,False,PENDING,"[{""source"": ""MERCO_LEADERS_2025_26"", ""url"": ""https://www.merco.info/bo/ranking-merco-lideres"", ""rank"": 20}]"
P_XIMENA_PARADA,Ximena Parada,BUSINESS,PENDING,PENDING,PENDING,0,False,PENDING,"[{""source"": ""MERCO_LEADERS_2025_26"", ""url"": ""https://www.merco.info/bo/ranking-merco-lideres"", ""rank"": 50}]"
P_AURELIO_PESOA_RIBERA,Aurelio Pesoa Ribera,CIVIC,PENDING,PENDING,PENDING,0,False,PENDING,"[{""source"": ""WIKIDATA_DISCOVERY"", ""url"": ""https://www.wikidata.org/entity/Q16054481""}]"
P_EDMUNDO_LUIS_FLAVIO_ABASTOFLOR_MONTERO,Edmundo Luis Flavio Abastoflor Montero,CIVIC,PENDING,PENDING,PENDING,0,False,PENDING,"[{""source"": ""WIKIDATA_DISCOVERY"", ""url"": ""https://www.wikidata.org/entity/Q653076""}]"
P_EUGENIO_COTER,Eugenio Coter,CIVIC,PENDING,PENDING,PENDING,0,False,PENDING,"[{""source"": ""WIKIDATA_DISCOVERY"", ""url"": ""https://www.wikidata.org/entity/Q4121033""}]"
P_FERNANDO_BASCOPE_MULLER,Fernando Bascopé Müller,CIVIC,PENDING,PENDING,PENDING,0,False,PENDING,"[{""source"": ""WIKIDATA_DISCOVERY"", ""url"": ""https://www.wikidata.org/entity/Q1406602""}]"
P_MARIA_GALINDO,María Galindo,CIVIC,PENDING,PENDING,PENDING,1,False,PENDING,"[{""source"": ""WIKIDATA_DISCOVERY"", ""url"": ""https://www.wikidata.org/entity/Q3296444""}]"
P_NICOLAS_RENAN_AGUILERA_ARROYO,Nicolás Renán Aguilera Arroyo,CIVIC,PENDING,PENDING,PENDING,0,False,PENDING,"[{""source"": ""WIKIDATA_DISCOVERY"", ""url"": ""https://www.wikidata.org/entity/Q100978686""}]"
P_NINA_PY_BROZOVICH,Nina Py Brozovich,CIVIC,PENDING,PENDING,PENDING,0,False,PENDING,"[{""source"": ""WIKIDATA_DISCOVERY"", ""url"": ""https://www.wikidata.org/entity/Q106604682""}]"
P_OSCAR_OLIVERA,Óscar Olivera,CIVIC,PENDING,PENDING,PENDING,0,False,PENDING,"[{""source"": ""WIKIDATA_DISCOVERY"", ""url"": ""https://www.wikidata.org/entity/Q740814""}]"
P_OSCAR_OMAR_APARICIO_CESPEDES,Oscar Omar Aparicio Céspedes,CIVIC,PENDING,PENDING,PENDING,0,False,PENDING,"[{""source"": ""WIKIDATA_DISCOVERY"", ""url"": ""https://www.wikidata.org/entity/Q1391981""}]"
P_ROBERT_HERMAN_FLOCK,Robert Herman Flock,CIVIC,PENDING,PENDING,PENDING,0,False,PENDING,"[{""source"": ""WIKIDATA_DISCOVERY"", ""url"": ""https://www.wikidata.org/entity/Q1493408""}]"
P_SERGIO_ALFREDO_GUALBERTI,Sergio Alfredo Gualberti,CIVIC,PENDING,PENDING,PENDING,0,False,PENDING,"[{""source"": ""WIKIDATA_DISCOVERY"", ""url"": ""https://www.wikidata.org/entity/Q2273018""}]"
P_TITO_SOLARI_CAPELLARI,Tito Solari Capellari,CIVIC,PENDING,PENDING,PENDING,0,False,PENDING,"[{""source"": ""WIKIDATA_DISCOVERY"", ""url"": ""https://www.wikidata.org/entity/Q2437011""}]"
P_TORIBIO_TICONA_PORCO,Toribio Ticona Porco,CIVIC,PENDING,PENDING,PENDING,0,False,PENDING,"[{""source"": ""WIKIDATA_DISCOVERY"", ""url"": ""https://www.wikidata.org/entity/Q2444070""}]"
P_BETTY_VEIZAGA_SILES,Betty Veizaga Siles,CULTURE,PENDING,PENDING,PENDING,0,False,PENDING,"[{""source"": ""WIKIDATA_DISCOVERY"", ""url"": ""https://www.wikidata.org/entity/Q463240""}]"
P_CARLA_ORTIZ,Carla Ortiz,CULTURE,PENDING,PENDING,PENDING,1,False,PENDING,"[{""source"": ""WIKIDATA_DISCOVERY"", ""url"": ""https://www.wikidata.org/entity/Q436609""}]"
P_EDMUNDO_PAZ_SOLDAN,Edmundo Paz Soldán,CULTURE,PENDING,PENDING,PENDING,0,False,PENDING,"[{""source"": ""WIKIDATA_DISCOVERY"", ""url"": ""https://www.wikidata.org/entity/Q330692""}]"
P_ELVIRA_ESPEJO_AYCA,Elvira Espejo Ayca,CULTURE,PENDING,PENDING,PENDING,0,False,PENDING,"[{""source"": ""WIKIDATA_DISCOVERY"", ""url"": ""https://www.wikidata.org/entity/Q50414360""}]"
P_FREDDY_MAMANI,Freddy Mamani,CULTURE,PENDING,PENDING,PENDING,1,False,PENDING,"[{""source"": ""WIKIDATA_DISCOVERY"", ""url"": ""https://www.wikidata.org/entity/Q21503374""}]"
P_GRACIELA_RODO_BOULANGER,Graciela Rodo Boulanger,CULTURE,PENDING,PENDING,PENDING,0,False,PENDING,"[{""source"": ""WIKIDATA_DISCOVERY"", ""url"": ""https://www.wikidata.org/entity/Q3113046""}]"
P_JORGE_SANJINES,Jorge Sanjinés,CULTURE,PENDING,PENDING,PENDING,1,False,PENDING,"[{""source"": ""WIKIDATA_DISCOVERY"", ""url"": ""https://www.wikidata.org/entity/Q1395146""}]"
P_JULIETA_PAREDES_CARVAJAL,Julieta Paredes Carvajal,CULTURE,PENDING,PENDING,PENDING,0,False,PENDING,"[{""source"": ""WIKIDATA_DISCOVERY"", ""url"": ""https://www.wikidata.org/entity/Q28230074""}]"
P_LUZMILA_CARPIO,Luzmila Carpio,CULTURE,PENDING,PENDING,PENDING,2,False,PENDING,"[{""source"": ""WIKIDATA_DISCOVERY"", ""url"": ""https://www.wikidata.org/entity/Q466102""}]"
P_OLGA_PAREDES,Olga Paredes,CULTURE,PENDING,PENDING,PENDING,1,False,PENDING,"[{""source"": ""WIKIDATA_DISCOVERY"", ""url"": ""https://www.wikidata.org/entity/Q113516307""}]"
P_OLIVIA_PINHEIRO,Olivia Pinheiro,CULTURE,PENDING,PENDING,PENDING,0,False,PENDING,"[{""source"": ""WIKIDATA_DISCOVERY"", ""url"": ""https://www.wikidata.org/entity/Q3881842""}]"
P_PAOLO_AGAZZI,Paolo Agazzi,CULTURE,PENDING,PENDING,PENDING,0,False,PENDING,"[{""source"": ""WIKIDATA_DISCOVERY"", ""url"": ""https://www.wikidata.org/entity/Q4353373""}]"
P_PEDRO_SHIMOSE,Pedro Shimose,CULTURE,PENDING,PENDING,PENDING,0,False,PENDING,"[{""source"": ""WIKIDATA_DISCOVERY"", ""url"": ""https://www.wikidata.org/entity/Q3751217""}]"
P_ROBERTO_MAMANI_MAMANI,Roberto Mamani Mamani,CULTURE,PENDING,PENDING,PENDING,1,False,PENDING,"[{""source"": ""WIKIDATA_DISCOVERY"", ""url"": ""https://www.wikidata.org/entity/Q3436928""}]"
P_VANESSA_ALFARO,Vanessa Alfaro,CULTURE,PENDING,PENDING,PENDING,1,False,PENDING,"[{""source"": ""WIKIDATA_DISCOVERY"", ""url"": ""https://www.wikidata.org/entity/Q20994744""}]"
P_XIMENA_HERRERA,Ximena Herrera,CULTURE,PENDING,PENDING,PENDING,3,False,PENDING,"[{""source"": ""WIKIDATA_DISCOVERY"", ""url"": ""https://www.wikidata.org/entity/Q2881214""}]"
P_ALBERTINA_SACACA,Albertina Sacaca,MEDIA,PENDING,PENDING,PENDING,2,True,PENDING,"[{""source"": ""IPDRS_CREATOR_STUDY_2024"", ""url"": ""https://ipdrs.org/wp-content/uploads/2024/12/IPDRS-Investigacion-influencers-Bolivia.pdf#page=7"", ""rank"": 2}, {""source"": ""HYPEAUDITOR_INSTAGRAM_BOLIVIA"", ""url"": ""https://hypeauditor.com/top-instagram-all-bolivia/"", ""rank"": 5}]"
P_ALE_PINEDO,Ale Pinedo,MEDIA,PENDING,PENDING,PENDING,0,False,PENDING,"[{""source"": ""IPDRS_CREATOR_STUDY_2024"", ""url"": ""https://ipdrs.org/wp-content/uploads/2024/12/IPDRS-Investigacion-influencers-Bolivia.pdf#page=7"", ""rank"": 5}]"
P_ALEXIUS,Alexius,MEDIA,PENDING,PENDING,PENDING,0,False,PENDING,"[{""source"": ""IPDRS_CREATOR_STUDY_2024"", ""url"": ""https://ipdrs.org/wp-content/uploads/2024/12/IPDRS-Investigacion-influencers-Bolivia.pdf#page=7"", ""rank"": 7}]"
P_ANABEL_ANGUS,Anabel Angus,MEDIA,PENDING,PENDING,PENDING,3,False,PENDING,"[{""source"": ""IPDRS_CREATOR_STUDY_2024"", ""url"": ""https://ipdrs.org/wp-content/uploads/2024/12/IPDRS-Investigacion-influencers-Bolivia.pdf#page=7"", ""rank"": 12}, {""source"": ""HAFI_TIKTOK_BOLIVIA"", ""url"": ""https://hafi.pro/top/most-followed-tiktok/bolivia"", ""rank"": 34}, {""source"": ""HYPEAUDITOR_INSTAGRAM_BOLIVIA"", ""url"": ""https://hypeauditor.com/top-instagram-all-bolivia/"", ""rank"": 8}]"
P_ANGELSG,AngelSG,MEDIA,PENDING,PENDING,PENDING,0,False,PENDING,"[{""source"": ""IPDRS_CREATOR_STUDY_2024"", ""url"": ""https://ipdrs.org/wp-content/uploads/2024/12/IPDRS-Investigacion-influencers-Bolivia.pdf#page=8"", ""rank"": 23}]"
P_CANDRES_PEREDO,Candres Peredo,MEDIA,PENDING,PENDING,PENDING,0,False,PENDING,"[{""source"": ""IPDRS_CREATOR_STUDY_2024"", ""url"": ""https://ipdrs.org/wp-content/uploads/2024/12/IPDRS-Investigacion-influencers-Bolivia.pdf#page=8"", ""rank"": 21}]"
P_CARLOS_MARQUINA,Carlos Marquina,MEDIA,PENDING,PENDING,PENDING,2,False,PENDING,"[{""source"": ""IPDRS_CREATOR_STUDY_2024"", ""url"": ""https://ipdrs.org/wp-content/uploads/2024/12/IPDRS-Investigacion-influencers-Bolivia.pdf#page=7"", ""rank"": 16}, {""source"": ""HAFI_TIKTOK_BOLIVIA"", ""url"": ""https://hafi.pro/top/most-followed-tiktok/bolivia"", ""rank"": 31}]"
P_CLAUDIA_ARCE,Claudia Arce,MEDIA,PENDING,PENDING,PENDING,1,False,PENDING,"[{""source"": ""WIKIDATA_DISCOVERY"", ""url"": ""https://www.wikidata.org/entity/Q5129126""}]"
P_COCINANDO_CON_ELENA,Cocinando con Elena,MEDIA,PENDING,PENDING,PENDING,1,False,PENDING,"[{""source"": ""IPDRS_CREATOR_STUDY_2024"", ""url"": ""https://ipdrs.org/wp-content/uploads/2024/12/IPDRS-Investigacion-influencers-Bolivia.pdf#page=8"", ""rank"": 27}]"
P_CRIS_EMPRENDE,Cris Emprende,MEDIA,PENDING,PENDING,PENDING,0,False,PENDING,"[{""source"": ""IPDRS_CREATOR_STUDY_2024"", ""url"": ""https://ipdrs.org/wp-content/uploads/2024/12/IPDRS-Investigacion-influencers-Bolivia.pdf#page=7"", ""rank"": 9}]"
P_CRISTIAN_APAZA,Cristian Apaza,MEDIA,PENDING,PENDING,PENDING,1,False,PENDING,"[{""source"": ""IPDRS_CREATOR_STUDY_2024"", ""url"": ""https://ipdrs.org/wp-content/uploads/2024/12/IPDRS-Investigacion-influencers-Bolivia.pdf#page=7"", ""rank"": 19}]"
P_DANIEL_DUENAS,Daniel Dueñas,MEDIA,PENDING,PENDING,PENDING,2,True,PENDING,"[{""source"": ""IPDRS_CREATOR_STUDY_2024"", ""url"": ""https://ipdrs.org/wp-content/uploads/2024/12/IPDRS-Investigacion-influencers-Bolivia.pdf#page=7"", ""rank"": 8}, {""source"": ""HAFI_TIKTOK_BOLIVIA"", ""url"": ""https://hafi.pro/top/most-followed-tiktok/bolivia"", ""rank"": 3}]"
P_ELIAS_AYAVIRI,Elias Ayaviri,MEDIA,PENDING,PENDING,PENDING,3,True,PENDING,"[{""source"": ""IPDRS_CREATOR_STUDY_2024"", ""url"": ""https://ipdrs.org/wp-content/uploads/2024/12/IPDRS-Investigacion-influencers-Bolivia.pdf#page=7"", ""rank"": 4}, {""source"": ""HAFI_TIKTOK_BOLIVIA"", ""url"": ""https://hafi.pro/top/most-followed-tiktok/bolivia"", ""rank"": 30}, {""source"": ""HYPEAUDITOR_INSTAGRAM_BOLIVIA"", ""url"": ""https://hypeauditor.com/top-instagram-all-bolivia/"", ""rank"": 44}]"
P_FABRICIO_BLACUTT,Fabricio Blacutt,MEDIA,PENDING,PENDING,PENDING,1,False,PENDING,"[{""source"": ""IPDRS_CREATOR_STUDY_2024"", ""url"": ""https://ipdrs.org/wp-content/uploads/2024/12/IPDRS-Investigacion-influencers-Bolivia.pdf#page=7"", ""rank"": 6}, {""source"": ""HYPEAUDITOR_INSTAGRAM_BOLIVIA"", ""url"": ""https://hypeauditor.com/top-instagram-all-bolivia/"", ""rank"": 37}]"
P_GABRIELA_ZEGARRA,Gabriela Zegarra,MEDIA,PENDING,PENDING,PENDING,1,False,PENDING,"[{""source"": ""IPDRS_CREATOR_STUDY_2024"", ""url"": ""https://ipdrs.org/wp-content/uploads/2024/12/IPDRS-Investigacion-influencers-Bolivia.pdf#page=7"", ""rank"": 14}, {""source"": ""HYPEAUDITOR_INSTAGRAM_BOLIVIA"", ""url"": ""https://hypeauditor.com/top-instagram-all-bolivia/"", ""rank"": 17}]"
P_GATA_DE_LA_COPIA,gata de la copia,MEDIA,PENDING,PENDING,PENDING,0,False,PENDING,"[{""source"": ""IPDRS_CREATOR_STUDY_2024"", ""url"": ""https://ipdrs.org/wp-content/uploads/2024/12/IPDRS-Investigacion-influencers-Bolivia.pdf#page=7"", ""rank"": 20}]"
P_JOSESINLZ,josesinlz,MEDIA,PENDING,PENDING,PENDING,0,False,PENDING,"[{""source"": ""IPDRS_CREATOR_STUDY_2024"", ""url"": ""https://ipdrs.org/wp-content/uploads/2024/12/IPDRS-Investigacion-influencers-Bolivia.pdf#page=7"", ""rank"": 13}]"
P_JUNIOR_MAVITY,Junior Mavity,MEDIA,PENDING,PENDING,PENDING,2,False,PENDING,"[{""source"": ""IPDRS_CREATOR_STUDY_2024"", ""url"": ""https://ipdrs.org/wp-content/uploads/2024/12/IPDRS-Investigacion-influencers-Bolivia.pdf#page=7"", ""rank"": 1}, {""source"": ""HAFI_TIKTOK_BOLIVIA"", ""url"": ""https://hafi.pro/top/most-followed-tiktok/bolivia"", ""rank"": 1}]"
P_LA_WARMI_ROSA,La Warmi Rosa,MEDIA,PENDING,PENDING,PENDING,0,False,PENDING,"[{""source"": ""IPDRS_CREATOR_STUDY_2024"", ""url"": ""https://ipdrs.org/wp-content/uploads/2024/12/IPDRS-Investigacion-influencers-Bolivia.pdf#page=7"", ""rank"": 17}]"
P_LAYME,Layme,MEDIA,PENDING,PENDING,PENDING,0,False,PENDING,"[{""source"": ""IPDRS_CREATOR_STUDY_2024"", ""url"": ""https://ipdrs.org/wp-content/uploads/2024/12/IPDRS-Investigacion-influencers-Bolivia.pdf#page=8"", ""rank"": 26}]"
P_LEONEL_FRANSEZZE,Leonel Fransezze,MEDIA,PENDING,PENDING,PENDING,1,False,PENDING,"[{""source"": ""IPDRS_CREATOR_STUDY_2024"", ""url"": ""https://ipdrs.org/wp-content/uploads/2024/12/IPDRS-Investigacion-influencers-Bolivia.pdf#page=7"", ""rank"": 3}]"
P_LIZETH_CALLIZAYA,Lizeth Callizaya,MEDIA,PENDING,PENDING,PENDING,1,False,PENDING,"[{""source"": ""IPDRS_CREATOR_STUDY_2024"", ""url"": ""https://ipdrs.org/wp-content/uploads/2024/12/IPDRS-Investigacion-influencers-Bolivia.pdf#page=7"", ""rank"": 11}, {""source"": ""HAFI_TIKTOK_BOLIVIA"", ""url"": ""https://hafi.pro/top/most-followed-tiktok/bolivia"", ""rank"": 12}]"
P_LUZ_CRUZ,Luz Cruz,MEDIA,PENDING,PENDING,PENDING,1,False,PENDING,"[{""source"": ""IPDRS_CREATOR_STUDY_2024"", ""url"": ""https://ipdrs.org/wp-content/uploads/2024/12/IPDRS-Investigacion-influencers-Bolivia.pdf#page=8"", ""rank"": 29}]"
P_MAMA_LUCY,Mama Lucy,MEDIA,PENDING,PENDING,PENDING,2,False,PENDING,"[{""source"": ""IPDRS_CREATOR_STUDY_2024"", ""url"": ""https://ipdrs.org/wp-content/uploads/2024/12/IPDRS-Investigacion-influencers-Bolivia.pdf#page=8"", ""rank"": 22}, {""source"": ""HAFI_TIKTOK_BOLIVIA"", ""url"": ""https://hafi.pro/top/most-followed-tiktok/bolivia"", ""rank"": 58}]"
P_MAMEN_SAAVEDRA,Mamen Saavedra,MEDIA,PENDING,PENDING,PENDING,0,False,PENDING,"[{""source"": ""IPDRS_CREATOR_STUDY_2024"", ""url"": ""https://ipdrs.org/wp-content/uploads/2024/12/IPDRS-Investigacion-influencers-Bolivia.pdf#page=7"", ""rank"": 15}]"
P_MANGUERITA,Manguerita,MEDIA,PENDING,PENDING,PENDING,0,False,PENDING,"[{""source"": ""IPDRS_CREATOR_STUDY_2024"", ""url"": ""https://ipdrs.org/wp-content/uploads/2024/12/IPDRS-Investigacion-influencers-Bolivia.pdf#page=8"", ""rank"": 28}]"
P_MARIA_LEYDI,Maria Leydi,MEDIA,PENDING,PENDING,PENDING,1,False,PENDING,"[{""source"": ""IPDRS_CREATOR_STUDY_2024"", ""url"": ""https://ipdrs.org/wp-content/uploads/2024/12/IPDRS-Investigacion-influencers-Bolivia.pdf#page=7"", ""rank"": 10}]"
P_MICHELLE_ANDRADE,Michelle Andrade,MEDIA,PENDING,PENDING,PENDING,3,False,PENDING,"[{""source"": ""WIKIDATA_DISCOVERY"", ""url"": ""https://www.wikidata.org/entity/Q47316925""}]"
P_MILY_GONZALES,Mily Gonzales,MEDIA,PENDING,PENDING,PENDING,2,False,PENDING,"[{""source"": ""IPDRS_CREATOR_STUDY_2024"", ""url"": ""https://ipdrs.org/wp-content/uploads/2024/12/IPDRS-Investigacion-influencers-Bolivia.pdf#page=8"", ""rank"": 24}, {""source"": ""HAFI_TIKTOK_BOLIVIA"", ""url"": ""https://hafi.pro/top/most-followed-tiktok/bolivia"", ""rank"": 17}]"
P_VICTOR_MONTOYA,Víctor Montoya,MEDIA,PENDING,PENDING,PENDING,1,False,PENDING,"[{""source"": ""WIKIDATA_DISCOVERY"", ""url"": ""https://www.wikidata.org/entity/Q538550""}]"
P_XIMENA_GALARZA,Ximena Galarza,MEDIA,PENDING,PENDING,PENDING,3,False,PENDING,"[{""source"": ""WIKIDATA_DISCOVERY"", ""url"": ""https://www.wikidata.org/entity/Q6169259""}]"
P_YARIT,Yarit,MEDIA,PENDING,PENDING,PENDING,0,False,PENDING,"[{""source"": ""IPDRS_CREATOR_STUDY_2024"", ""url"": ""https://ipdrs.org/wp-content/uploads/2024/12/IPDRS-Investigacion-influencers-Bolivia.pdf#page=8"", ""rank"": 30}]"
P_YOSSU_VALERIO,Yossu Valerio,MEDIA,PENDING,PENDING,PENDING,0,False,PENDING,"[{""source"": ""IPDRS_CREATOR_STUDY_2024"", ""url"": ""https://ipdrs.org/wp-content/uploads/2024/12/IPDRS-Investigacion-influencers-Bolivia.pdf#page=7"", ""rank"": 18}]"
P_ADRIANA_SALVATIERRA,Adriana Salvatierra,POLITICS,PENDING,PENDING,PENDING,3,False,PENDING,"[{""source"": ""WIKIDATA_DISCOVERY"", ""url"": ""https://www.wikidata.org/entity/Q60676640""}]"
P_ALVARO_GARCIA_LINERA,Álvaro García Linera,POLITICS,PENDING,PENDING,PENDING,0,False,PENDING,"[{""source"": ""WIKIDATA_DISCOVERY"", ""url"": ""https://www.wikidata.org/entity/Q250993""}]"
P_ANDRONICO_RODRIGUEZ,Andrónico Rodríguez,POLITICS,PENDING,PENDING,PENDING,1,False,PENDING,"[{""source"": ""WIKIDATA_DISCOVERY"", ""url"": ""https://www.wikidata.org/entity/Q75827853""}]"
P_ANDRONICO_RODRIGUEZ_LEDEZMA,Andronico Rodriguez Ledezma,POLITICS,PENDING,PENDING,PENDING,0,False,PENDING,"[{""source"": ""OEP_ELECTION_2025"", ""url"": ""https://web.oep.org.bo/wp-content/uploads/2025/06/Reporte-General-Candidatos-Habilitados-06-06-2025-092904.pdf#page=2""}]"
P_ANTONIO_VICTOR_ISAAC_SARAVIA_TAPIA,Antonio Victor Isaac Saravia Tapia,POLITICS,PENDING,PENDING,PENDING,0,False,PENDING,"[{""source"": ""OEP_ELECTION_2025"", ""url"": ""https://web.oep.org.bo/wp-content/uploads/2025/06/Reporte-General-Candidatos-Habilitados-06-06-2025-092904.pdf#page=19""}]"
P_CARLOS_DEL_CASTILLO,Carlos del Castillo,POLITICS,PENDING,PENDING,PENDING,0,False,PENDING,"[{""source"": ""WIKIDATA_DISCOVERY"", ""url"": ""https://www.wikidata.org/entity/Q104804128""}, {""source"": ""OEP_ELECTION_2025"", ""url"": ""https://web.oep.org.bo/wp-content/uploads/2025/06/Reporte-General-Candidatos-Habilitados-06-06-2025-092904.pdf#page=50""}]"
P_CARLOS_FERNANDO_BORJA,Carlos Fernando Borja,POLITICS,PENDING,PENDING,PENDING,0,False,PENDING,"[{""source"": ""WIKIDATA_DISCOVERY"", ""url"": ""https://www.wikidata.org/entity/Q2714525""}]"
P_CARLOS_MESA,Carlos Mesa,POLITICS,PENDING,PENDING,PENDING,3,False,PENDING,"[{""source"": ""WIKIDATA_DISCOVERY"", ""url"": ""https://www.wikidata.org/entity/Q312668""}]"
P_CASIMIRA_RODRIGUEZ,Casimira Rodríguez,POLITICS,PENDING,PENDING,PENDING,0,False,PENDING,"[{""source"": ""WIKIDATA_DISCOVERY"", ""url"": ""https://www.wikidata.org/entity/Q463278""}]"
P_CHI_HYUN_CHUNG,Chi Hyun Chung,POLITICS,PENDING,PENDING,PENDING,1,False,PENDING,"[{""source"": ""WIKIDATA_DISCOVERY"", ""url"": ""https://www.wikidata.org/entity/Q70403309""}]"
P_CLARA_ANT,Clara Ant,POLITICS,PENDING,PENDING,PENDING,3,False,PENDING,"[{""source"": ""WIKIDATA_DISCOVERY"", ""url"": ""https://www.wikidata.org/entity/Q5125935""}]"
P_DAVID_CHOQUEHUANCA,David Choquehuanca,POLITICS,PENDING,PENDING,PENDING,0,False,PENDING,"[{""source"": ""WIKIDATA_DISCOVERY"", ""url"": ""https://www.wikidata.org/entity/Q58136""}]"
P_EDGAR_URIONA_VEIZAGA,Edgar Uriona Veizaga,POLITICS,PENDING,PENDING,PENDING,0,False,PENDING,"[{""source"": ""OEP_ELECTION_2025"", ""url"": ""https://web.oep.org.bo/wp-content/uploads/2025/06/Reporte-General-Candidatos-Habilitados-06-06-2025-092904.pdf#page=7""}]"
P_EDMAND_LARA,Edmand Lara,POLITICS,PENDING,PENDING,PENDING,0,False,PENDING,"[{""source"": ""WIKIDATA_DISCOVERY"", ""url"": ""https://www.wikidata.org/entity/Q135904036""}, {""source"": ""OEP_ELECTION_2025"", ""url"": ""https://web.oep.org.bo/wp-content/uploads/2025/06/Reporte-General-Candidatos-Habilitados-06-06-2025-092904.pdf#page=46""}]"
P_EDUARDO_RODRIGUEZ_VELTZE,Eduardo Rodríguez Veltzé,POLITICS,PENDING,PENDING,PENDING,0,False,PENDING,"[{""source"": ""WIKIDATA_DISCOVERY"", ""url"": ""https://www.wikidata.org/entity/Q312761""}]"
P_ESTEBAN_MILAN_BERNA_RAMOS,Esteban Milan Berna Ramos,POLITICS,PENDING,PENDING,PENDING,0,False,PENDING,"[{""source"": ""OEP_ELECTION_2025"", ""url"": ""https://web.oep.org.bo/wp-content/uploads/2025/06/Reporte-General-Candidatos-Habilitados-06-06-2025-092904.pdf#page=50""}]"
P_EVA_COPA,Eva Copa,POLITICS,PENDING,PENDING,PENDING,1,False,PENDING,"[{""source"": ""WIKIDATA_DISCOVERY"", ""url"": ""https://www.wikidata.org/entity/Q75406486""}, {""source"": ""OEP_ELECTION_2025"", ""url"": ""https://web.oep.org.bo/wp-content/uploads/2025/06/Reporte-General-Candidatos-Habilitados-06-06-2025-092904.pdf#page=44""}]"
P_EVO_MORALES,Evo Morales,POLITICS,PENDING,PENDING,PENDING,4,False,PENDING,"[{""source"": ""WIKIDATA_DISCOVERY"", ""url"": ""https://www.wikidata.org/entity/Q42410""}, {""source"": ""IPDRS_CREATOR_STUDY_2024"", ""url"": ""https://ipdrs.org/wp-content/uploads/2024/12/IPDRS-Investigacion-influencers-Bolivia.pdf#page=8"", ""rank"": 25}]"
P_FERNANDO_HUANACUNI_MAMANI,Fernando Huanacuni Mamani,POLITICS,PENDING,PENDING,PENDING,1,False,PENDING,"[{""source"": ""WIKIDATA_DISCOVERY"", ""url"": ""https://www.wikidata.org/entity/Q23907183""}]"
P_FIDEL_TAPIA_ZAMBRANA,Fidel Tapia Zambrana,POLITICS,PENDING,PENDING,PENDING,0,False,PENDING,"[{""source"": ""OEP_ELECTION_2025"", ""url"": ""https://web.oep.org.bo/wp-content/uploads/2025/06/Reporte-General-Candidatos-Habilitados-06-06-2025-092904.pdf#page=7""}]"
P_GABRIELA_MONTANO,Gabriela Montaño,POLITICS,PENDING,PENDING,PENDING,1,False,PENDING,"[{""source"": ""WIKIDATA_DISCOVERY"", ""url"": ""https://www.wikidata.org/entity/Q19545830""}]"
P_GONZALO_SANCHEZ_DE_LOZADA,Gonzalo Sánchez de Lozada,POLITICS,PENDING,PENDING,PENDING,1,False,PENDING,"[{""source"": ""WIKIDATA_DISCOVERY"", ""url"": ""https://www.wikidata.org/entity/Q379645""}]"
P_GUIDO_VILDOSO_CALDERON,Guido Vildoso Calderón,POLITICS,PENDING,PENDING,PENDING,0,False,PENDING,"[{""source"": ""WIKIDATA_DISCOVERY"", ""url"": ""https://www.wikidata.org/entity/Q734593""}]"
P_JAIME_PAZ_ZAMORA,Jaime Paz Zamora,POLITICS,PENDING,PENDING,PENDING,0,False,PENDING,"[{""source"": ""WIKIDATA_DISCOVERY"", ""url"": ""https://www.wikidata.org/entity/Q555207""}]"
P_JEANINE_ANEZ,Jeanine Áñez,POLITICS,PENDING,PENDING,PENDING,3,False,PENDING,"[{""source"": ""WIKIDATA_DISCOVERY"", ""url"": ""https://www.wikidata.org/entity/Q16581287""}]"
P_JESSICA_JORDAN,Jessica Jordan,POLITICS,PENDING,PENDING,PENDING,1,False,PENDING,"[{""source"": ""WIKIDATA_DISCOVERY"", ""url"": ""https://www.wikidata.org/entity/Q433830""}]"
P_JORGE_GUILLERMO_RICHTER_RAMIREZ,Jorge Guillermo Richter Ramirez,POLITICS,PENDING,PENDING,PENDING,0,False,PENDING,"[{""source"": ""OEP_ELECTION_2025"", ""url"": ""https://web.oep.org.bo/wp-content/uploads/2025/06/Reporte-General-Candidatos-Habilitados-06-06-2025-092904.pdf#page=44""}]"
P_JORGE_QUIROGA_RAMIREZ,Jorge Quiroga Ramírez,POLITICS,PENDING,PENDING,PENDING,2,False,PENDING,"[{""source"": ""WIKIDATA_DISCOVERY"", ""url"": ""https://www.wikidata.org/entity/Q468805""}, {""source"": ""OEP_ELECTION_2025"", ""url"": ""https://web.oep.org.bo/wp-content/uploads/2025/06/Reporte-General-Candidatos-Habilitados-06-06-2025-092904.pdf#page=34""}]"
P_JOSE_LUIS_LUPO_FLORES,Jose Luis Lupo Flores,POLITICS,PENDING,PENDING,PENDING,0,False,PENDING,"[{""source"": ""OEP_ELECTION_2025"", ""url"": ""https://web.oep.org.bo/wp-content/uploads/2025/06/Reporte-General-Candidatos-Habilitados-06-06-2025-092904.pdf#page=57""}]"
P_JOSE_MILTON_MELGAR,José Milton Melgar,POLITICS,PENDING,PENDING,PENDING,0,False,PENDING,"[{""source"": ""WIKIDATA_DISCOVERY"", ""url"": ""https://www.wikidata.org/entity/Q2733543""}]"
P_JUAN_CARLOS_MEDRANO_GONZALES,Juan Carlos Medrano Gonzales,POLITICS,PENDING,PENDING,PENDING,0,False,PENDING,"[{""source"": ""OEP_ELECTION_2025"", ""url"": ""https://web.oep.org.bo/wp-content/uploads/2025/06/Reporte-General-Candidatos-Habilitados-06-06-2025-092904.pdf#page=24""}]"
P_JUAN_DEL_GRANADO,Juan del Granado,POLITICS,PENDING,PENDING,PENDING,0,False,PENDING,"[{""source"": ""WIKIDATA_DISCOVERY"", ""url"": ""https://www.wikidata.org/entity/Q11686655""}]"
P_JUAN_PABLO_VELASCO_DALENCE,Juan Pablo Velasco Dalence,POLITICS,PENDING,PENDING,PENDING,0,False,PENDING,"[{""source"": ""OEP_ELECTION_2025"", ""url"": ""https://web.oep.org.bo/wp-content/uploads/2025/06/Reporte-General-Candidatos-Habilitados-06-06-2025-092904.pdf#page=34""}]"
P_JULIO_PINEDO,Julio Pinedo,POLITICS,PENDING,PENDING,PENDING,0,False,PENDING,"[{""source"": ""WIKIDATA_DISCOVERY"", ""url"": ""https://www.wikidata.org/entity/Q6309477""}]"
P_LUIS_ARCE,Luis Arce,POLITICS,PENDING,PENDING,PENDING,1,False,PENDING,"[{""source"": ""WIKIDATA_DISCOVERY"", ""url"": ""https://www.wikidata.org/entity/Q16149892""}]"
P_LUIS_FERNANDO_CAMACHO,Luis Fernando Camacho,POLITICS,PENDING,PENDING,PENDING,1,False,PENDING,"[{""source"": ""WIKIDATA_DISCOVERY"", ""url"": ""https://www.wikidata.org/entity/Q73634426""}]"
P_LUIS_GATTY_RIBEIRO,Luis Gatty Ribeiro,POLITICS,PENDING,PENDING,PENDING,0,False,PENDING,"[{""source"": ""WIKIDATA_DISCOVERY"", ""url"": ""https://www.wikidata.org/entity/Q1997649""}]"
P_MANFRED_REYES_VILLA,Manfred Reyes Villa,POLITICS,PENDING,PENDING,PENDING,1,False,PENDING,"[{""source"": ""WIKIDATA_DISCOVERY"", ""url"": ""https://www.wikidata.org/entity/Q3119439""}, {""source"": ""OEP_ELECTION_2025"", ""url"": ""https://web.oep.org.bo/wp-content/uploads/2025/06/Reporte-General-Candidatos-Habilitados-06-06-2025-092904.pdf#page=24""}]"
P_MARIA_LUISA_RAMOS_URZAGASTE,María Luisa Ramos Urzagaste,POLITICS,PENDING,PENDING,PENDING,0,False,PENDING,"[{""source"": ""WIKIDATA_DISCOVERY"", ""url"": ""https://www.wikidata.org/entity/Q6782067""}]"
P_MARIA_NELA_PRADA,María Nela Prada,POLITICS,PENDING,PENDING,PENDING,0,False,PENDING,"[{""source"": ""WIKIDATA_DISCOVERY"", ""url"": ""https://www.wikidata.org/entity/Q102304997""}]"
P_MARIANA_PRADO_NOYA,Mariana Prado Noya,POLITICS,PENDING,PENDING,PENDING,0,False,PENDING,"[{""source"": ""OEP_ELECTION_2025"", ""url"": ""https://web.oep.org.bo/wp-content/uploads/2025/06/Reporte-General-Candidatos-Habilitados-06-06-2025-092904.pdf#page=2""}]"
P_MARIANELA_PACO,Marianela Paco,POLITICS,PENDING,PENDING,PENDING,0,False,PENDING,"[{""source"": ""WIKIDATA_DISCOVERY"", ""url"": ""https://www.wikidata.org/entity/Q28070820""}]"
P_MARTHA_YUJRA,Martha Yujra,POLITICS,PENDING,PENDING,PENDING,0,False,PENDING,"[{""source"": ""WIKIDATA_DISCOVERY"", ""url"": ""https://www.wikidata.org/entity/Q86022717""}]"
P_MAX_JHONNY_FERNANDEZ_SAUCEDO,Max Jhonny Fernandez Saucedo,POLITICS,PENDING,PENDING,PENDING,0,False,PENDING,"[{""source"": ""OEP_ELECTION_2025"", ""url"": ""https://web.oep.org.bo/wp-content/uploads/2025/06/Reporte-General-Candidatos-Habilitados-06-06-2025-092904.pdf#page=14""}]"
P_MAXIMA_APAZA,Máxima Apaza,POLITICS,PENDING,PENDING,PENDING,0,False,PENDING,"[{""source"": ""WIKIDATA_DISCOVERY"", ""url"": ""https://www.wikidata.org/entity/Q22921356""}]"
P_NILA_HEREDIA,Nila Heredia,POLITICS,PENDING,PENDING,PENDING,0,False,PENDING,"[{""source"": ""WIKIDATA_DISCOVERY"", ""url"": ""https://www.wikidata.org/entity/Q7036815""}]"
P_PABLO_SOLON_ROMERO,Pablo Solón Romero,POLITICS,PENDING,PENDING,PENDING,1,False,PENDING,"[{""source"": ""WIKIDATA_DISCOVERY"", ""url"": ""https://www.wikidata.org/entity/Q6356968""}]"
P_RENE_BLATTMANN,René Blattmann,POLITICS,PENDING,PENDING,PENDING,0,False,PENDING,"[{""source"": ""WIKIDATA_DISCOVERY"", ""url"": ""https://www.wikidata.org/entity/Q481353""}]"
P_RODRIGO_PAZ_PEREIRA,Rodrigo Paz Pereira,POLITICS,PENDING,PENDING,PENDING,3,False,PENDING,"[{""source"": ""WIKIDATA_DISCOVERY"", ""url"": ""https://www.wikidata.org/entity/Q110520817""}, {""source"": ""OEP_ELECTION_2025"", ""url"": ""https://web.oep.org.bo/wp-content/uploads/2025/06/Reporte-General-Candidatos-Habilitados-06-06-2025-092904.pdf#page=46""}]"
P_ROSA_JULIETA_MONTANO_SALVATIERRA,Rosa Julieta Montaño Salvatierra,POLITICS,PENDING,PENDING,PENDING,0,False,PENDING,"[{""source"": ""WIKIDATA_DISCOVERY"", ""url"": ""https://www.wikidata.org/entity/Q19893493""}]"
P_SABINA_ORELLANA,Sabina Orellana,POLITICS,PENDING,PENDING,PENDING,0,False,PENDING,"[{""source"": ""WIKIDATA_DISCOVERY"", ""url"": ""https://www.wikidata.org/entity/Q104019011""}]"
P_SAMUEL_DORIA_MEDINA,Samuel Doria Medina,POLITICS,PENDING,PENDING,PENDING,2,False,PENDING,"[{""source"": ""WIKIDATA_DISCOVERY"", ""url"": ""https://www.wikidata.org/entity/Q7411880""}, {""source"": ""OEP_ELECTION_2025"", ""url"": ""https://web.oep.org.bo/wp-content/uploads/2025/06/Reporte-General-Candidatos-Habilitados-06-06-2025-092904.pdf#page=57""}]"
P_VICTOR_HUGO_CARDENAS,Víctor Hugo Cárdenas,POLITICS,PENDING,PENDING,PENDING,1,False,PENDING,"[{""source"": ""WIKIDATA_DISCOVERY"", ""url"": ""https://www.wikidata.org/entity/Q9095298""}]"
P_WILMA_ALANOCA_MAMANI,Wilma Alanoca Mamani,POLITICS,PENDING,PENDING,PENDING,2,False,PENDING,"[{""source"": ""WIKIDATA_DISCOVERY"", ""url"": ""https://www.wikidata.org/entity/Q47004672""}]"
P_ALBERTO_GIMENEZ,Alberto Giménez,SCIENCE,PENDING,PENDING,PENDING,0,False,PENDING,"[{""source"": ""UMSA_SCIENCE_2025"", ""url"": ""https://umsa.bo/es/web/guest/umsa-noticias/-/asset_publisher/sIpuYXdbB9M8/content/cientificos-de-primera-en-el-iifb/12888639""}]"
P_ANA_GUADALUPE_PERES_CAJIAS,Ana Guadalupe Peres Cajías,SCIENCE,PENDING,PENDING,PENDING,0,False,PENDING,"[{""source"": ""UCB_MARIE_CURIE"", ""url"": ""https://lpz.ucb.edu.bo/ucb-lidera-la-ciencia-boliviana-cuatro-investigadoras-ph-d-ganan-el-premio-nacional-marie-curie/""}]"
P_DAYANA_PEREZ,Dayana Perez,SCIENCE,PENDING,PENDING,PENDING,1,False,PENDING,"[{""source"": ""UMSA_SCIENCE_2025"", ""url"": ""https://umsa.bo/es/web/guest/umsa-noticias/-/asset_publisher/sIpuYXdbB9M8/content/cientificos-de-primera-en-el-iifb/12888639""}]"
P_ESTELA_HERBAS_BAENY,Estela Herbas Baeny,SCIENCE,PENDING,PENDING,PENDING,0,False,PENDING,"[{""source"": ""UCB_SCIENCE_2025"", ""url"": ""https://lpz.ucb.edu.bo/proyecto-fugar-chiquitania-recibe-el-premio-plurinacional-de-ciencia-tecnologia-e-innovacion-2025/""}]"
P_FREDDY_MAMANI_LAURA,Freddy Mamani Laura,SCIENCE,PENDING,PENDING,PENDING,1,False,PENDING,"[{""source"": ""WIKIDATA_DISCOVERY"", ""url"": ""https://www.wikidata.org/entity/Q102347129""}]"
P_HELGA_GRUBERG_CAZON,Helga Gruberg Cazón,SCIENCE,PENDING,PENDING,PENDING,0,False,PENDING,"[{""source"": ""UCB_MARIE_CURIE"", ""url"": ""https://lpz.ucb.edu.bo/ucb-lidera-la-ciencia-boliviana-cuatro-investigadoras-ph-d-ganan-el-premio-nacional-marie-curie/""}]"
P_JAIME_LAREDO,Jaime Laredo,SCIENCE,PENDING,PENDING,PENDING,0,False,PENDING,"[{""source"": ""WIKIDATA_DISCOVERY"", ""url"": ""https://www.wikidata.org/entity/Q2520253""}]"
P_JUAN_CARLOS_ADUVIRI,Juan Carlos Aduviri,SCIENCE,PENDING,PENDING,PENDING,0,False,PENDING,"[{""source"": ""WIKIDATA_DISCOVERY"", ""url"": ""https://www.wikidata.org/entity/Q3187594""}]"
P_JUAN_CARLOS_TICONA,Juan Carlos Ticona,SCIENCE,PENDING,PENDING,PENDING,0,False,PENDING,"[{""source"": ""UMSA_SCIENCE_2025"", ""url"": ""https://umsa.bo/es/web/guest/umsa-noticias/-/asset_publisher/sIpuYXdbB9M8/content/cientificos-de-primera-en-el-iifb/12888639""}]"
P_LUIS_H_CRISPIN,Luis H. Crispín,SCIENCE,PENDING,PENDING,PENDING,0,False,PENDING,"[{""source"": ""UMSA_SCIENCE_2025"", ""url"": ""https://umsa.bo/es/web/guest/umsa-noticias/-/asset_publisher/sIpuYXdbB9M8/content/cientificos-de-primera-en-el-iifb/12888639""}]"
P_MARCELA_LOSANTOS_VELASCO,Marcela Losantos Velasco,SCIENCE,PENDING,PENDING,PENDING,0,False,PENDING,"[{""source"": ""UCB_MARIE_CURIE"", ""url"": ""https://lpz.ucb.edu.bo/ucb-lidera-la-ciencia-boliviana-cuatro-investigadoras-ph-d-ganan-el-premio-nacional-marie-curie/""}]"
P_MARIA_TERESA_ALVAREZ,María Teresa Álvarez,SCIENCE,PENDING,PENDING,PENDING,0,False,PENDING,"[{""source"": ""UMSA_SCIENCE_2025"", ""url"": ""https://umsa.bo/es/web/guest/umsa-noticias/-/asset_publisher/sIpuYXdbB9M8/content/cientificos-de-primera-en-el-iifb/12888639""}]"
P_MONICA_X_GUZMAN_ROJO,Mónica X. Guzmán Rojo,SCIENCE,PENDING,PENDING,PENDING,0,False,PENDING,"[{""source"": ""UCB_MARIE_CURIE"", ""url"": ""https://lpz.ucb.edu.bo/ucb-lidera-la-ciencia-boliviana-cuatro-investigadoras-ph-d-ganan-el-premio-nacional-marie-curie/""}]"
P_SILVIA_RIVERA_CUSICANQUI,Silvia Rivera Cusicanqui,SCIENCE,PENDING,PENDING,PENDING,1,False,PENDING,"[{""source"": ""WIKIDATA_DISCOVERY"", ""url"": ""https://www.wikidata.org/entity/Q7517038""}]"
P_YURAN_CALANCHA,Yuran Calancha,SCIENCE,PENDING,PENDING,PENDING,0,False,PENDING,"[{""source"": ""UMSA_SCIENCE_2025"", ""url"": ""https://umsa.bo/es/web/guest/umsa-noticias/-/asset_publisher/sIpuYXdbB9M8/content/cientificos-de-primera-en-el-iifb/12888639""}]"
P_ALEJANDRO_CHUMACERO,Alejandro Chumacero,SPORTS,PENDING,PENDING,PENDING,2,False,PENDING,"[{""source"": ""WIKIDATA_DISCOVERY"", ""url"": ""https://www.wikidata.org/entity/Q2017783""}]"
P_ALEJANDRO_MELEAN,Alejandro Meleán,SPORTS,PENDING,PENDING,PENDING,0,False,PENDING,"[{""source"": ""WIKIDATA_DISCOVERY"", ""url"": ""https://www.wikidata.org/entity/Q4714603""}]"
P_ALVARO_PENA,Álvaro Peña,SPORTS,PENDING,PENDING,PENDING,1,False,PENDING,"[{""source"": ""WIKIDATA_DISCOVERY"", ""url"": ""https://www.wikidata.org/entity/Q2563266""}]"
P_BRUNO_MIRANDA,Bruno Miranda,SPORTS,PENDING,PENDING,PENDING,1,False,PENDING,"[{""source"": ""WIKIDATA_DISCOVERY"", ""url"": ""https://www.wikidata.org/entity/Q23771469""}]"
P_BRUNO_ROJAS,Bruno Rojas,SPORTS,PENDING,PENDING,PENDING,1,False,PENDING,"[{""source"": ""WIKIDATA_DISCOVERY"", ""url"": ""https://www.wikidata.org/entity/Q3371072""}]"
P_CARLOS_ARAGONES,Carlos Aragonés,SPORTS,PENDING,PENDING,PENDING,1,False,PENDING,"[{""source"": ""WIKIDATA_DISCOVERY"", ""url"": ""https://www.wikidata.org/entity/Q946781""}]"
P_CARLOS_ERWIN_ARIAS,Carlos Erwin Arias,SPORTS,PENDING,PENDING,PENDING,0,False,PENDING,"[{""source"": ""WIKIDATA_DISCOVERY"", ""url"": ""https://www.wikidata.org/entity/Q2634081""}]"
P_CARLOS_LAMPE,Carlos Lampe,SPORTS,PENDING,PENDING,PENDING,0,False,PENDING,"[{""source"": ""WIKIDATA_DISCOVERY"", ""url"": ""https://www.wikidata.org/entity/Q3660086""}]"
P_CARLOS_SAUCEDO,Carlos Saucedo,SPORTS,PENDING,PENDING,PENDING,0,False,PENDING,"[{""source"": ""WIKIDATA_DISCOVERY"", ""url"": ""https://www.wikidata.org/entity/Q2083426""}]"
P_CARLOS_TRUCCO,Carlos Trucco,SPORTS,PENDING,PENDING,PENDING,0,False,PENDING,"[{""source"": ""WIKIDATA_DISCOVERY"", ""url"": ""https://www.wikidata.org/entity/Q2540098""}]"
P_DAMIAN_LIZIO,Damián Lizio,SPORTS,PENDING,PENDING,PENDING,0,False,PENDING,"[{""source"": ""WIKIDATA_DISCOVERY"", ""url"": ""https://www.wikidata.org/entity/Q448037""}]"
P_DANNY_BEJARANO,Danny Bejarano,SPORTS,PENDING,PENDING,PENDING,1,False,PENDING,"[{""source"": ""WIKIDATA_DISCOVERY"", ""url"": ""https://www.wikidata.org/entity/Q15708590""}]"
P_DARIO_ROJAS,Darío Rojas,SPORTS,PENDING,PENDING,PENDING,0,False,PENDING,"[{""source"": ""WIKIDATA_DISCOVERY"", ""url"": ""https://www.wikidata.org/entity/Q1983322""}]"
P_DIEGO_BEJARANO,Diego Bejarano,SPORTS,PENDING,PENDING,PENDING,1,False,PENDING,"[{""source"": ""WIKIDATA_DISCOVERY"", ""url"": ""https://www.wikidata.org/entity/Q15697117""}]"
P_EDIVALDO_ROJAS_HERMOZA,Edivaldo Rojas Hermoza,SPORTS,PENDING,PENDING,PENDING,0,False,PENDING,"[{""source"": ""WIKIDATA_DISCOVERY"", ""url"": ""https://www.wikidata.org/entity/Q785320""}]"
P_EDWARD_ZENTENO,Edward Zenteno,SPORTS,PENDING,PENDING,PENDING,0,False,PENDING,"[{""source"": ""WIKIDATA_DISCOVERY"", ""url"": ""https://www.wikidata.org/entity/Q5346035""}]"
P_ERWIN_SAAVEDRA,Erwin Saavedra,SPORTS,PENDING,PENDING,PENDING,1,False,PENDING,"[{""source"": ""WIKIDATA_DISCOVERY"", ""url"": ""https://www.wikidata.org/entity/Q20641421""}]"
P_ERWIN_SANCHEZ,Erwin Sánchez,SPORTS,PENDING,PENDING,PENDING,0,False,PENDING,"[{""source"": ""WIKIDATA_DISCOVERY"", ""url"": ""https://www.wikidata.org/entity/Q2331752""}]"
P_FERNANDO_SAUCEDO,Fernando Saucedo,SPORTS,PENDING,PENDING,PENDING,0,False,PENDING,"[{""source"": ""WIKIDATA_DISCOVERY"", ""url"": ""https://www.wikidata.org/entity/Q5444921""}]"
P_GUILLERMO_VISCARRA_BRUCKNER,Guillermo Viscarra Bruckner,SPORTS,PENDING,PENDING,PENDING,0,False,PENDING,"[{""source"": ""WIKIDATA_DISCOVERY"", ""url"": ""https://www.wikidata.org/entity/Q20641621""}]"
P_HENRY_VACA,Henry Vaca,SPORTS,PENDING,PENDING,PENDING,1,False,PENDING,"[{""source"": ""WIKIDATA_DISCOVERY"", ""url"": ""https://www.wikidata.org/entity/Q47371452""}]"
P_JAIME_MORENO,Jaime Moreno,SPORTS,PENDING,PENDING,PENDING,0,False,PENDING,"[{""source"": ""WIKIDATA_DISCOVERY"", ""url"": ""https://www.wikidata.org/entity/Q467979""}]"
P_JHASMANI_CAMPOS,Jhasmani Campos,SPORTS,PENDING,PENDING,PENDING,0,False,PENDING,"[{""source"": ""WIKIDATA_DISCOVERY"", ""url"": ""https://www.wikidata.org/entity/Q549784""}]"
P_JOAQUIN_BOTERO,Joaquín Botero,SPORTS,PENDING,PENDING,PENDING,0,False,PENDING,"[{""source"": ""WIKIDATA_DISCOVERY"", ""url"": ""https://www.wikidata.org/entity/Q720639""}]"
P_JOSE_AUGUSTO_TORRES_GIL,José Augusto Torres Gil,SPORTS,PENDING,PENDING,PENDING,1,False,PENDING,"[{""source"": ""WIKIDATA_DISCOVERY"", ""url"": ""https://www.wikidata.org/entity/Q59747209""}]"
P_JOSE_SAGREDO,José Sagredo,SPORTS,PENDING,PENDING,PENDING,0,False,PENDING,"[{""source"": ""WIKIDATA_DISCOVERY"", ""url"": ""https://www.wikidata.org/entity/Q20164411""}]"
P_JOSELITO_VACA,Joselito Vaca,SPORTS,PENDING,PENDING,PENDING,0,False,PENDING,"[{""source"": ""WIKIDATA_DISCOVERY"", ""url"": ""https://www.wikidata.org/entity/Q2463281""}]"
P_JUAN_CARLOS_ARCE,Juan Carlos Arce,SPORTS,PENDING,PENDING,PENDING,0,False,PENDING,"[{""source"": ""WIKIDATA_DISCOVERY"", ""url"": ""https://www.wikidata.org/entity/Q520731""}]"
P_JUAN_MANUEL_PENA_MONTANO,Juan Manuel Peña Montaño,SPORTS,PENDING,PENDING,PENDING,0,False,PENDING,"[{""source"": ""WIKIDATA_DISCOVERY"", ""url"": ""https://www.wikidata.org/entity/Q554944""}]"
P_JULIO_CESAR_BALDIVIESO,Julio César Baldivieso,SPORTS,PENDING,PENDING,PENDING,0,False,PENDING,"[{""source"": ""WIKIDATA_DISCOVERY"", ""url"": ""https://www.wikidata.org/entity/Q558955""}]"
P_LEONEL_JUSTINIANO,Leonel Justiniano,SPORTS,PENDING,PENDING,PENDING,1,False,PENDING,"[{""source"": ""WIKIDATA_DISCOVERY"", ""url"": ""https://www.wikidata.org/entity/Q41796317""}]"
P_LEONEL_MORALES,Leonel Morales,SPORTS,PENDING,PENDING,PENDING,1,False,PENDING,"[{""source"": ""WIKIDATA_DISCOVERY"", ""url"": ""https://www.wikidata.org/entity/Q5973301""}]"
P_LORGIO_ALVAREZ,Lorgio Álvarez,SPORTS,PENDING,PENDING,PENDING,0,False,PENDING,"[{""source"": ""WIKIDATA_DISCOVERY"", ""url"": ""https://www.wikidata.org/entity/Q2721315""}]"
P_LUIS_ALBERTO_GUTIERREZ,Luis Alberto Gutiérrez,SPORTS,PENDING,PENDING,PENDING,0,False,PENDING,"[{""source"": ""WIKIDATA_DISCOVERY"", ""url"": ""https://www.wikidata.org/entity/Q2633618""}]"
P_LUIS_CRISTALDO,Luis Cristaldo,SPORTS,PENDING,PENDING,PENDING,0,False,PENDING,"[{""source"": ""WIKIDATA_DISCOVERY"", ""url"": ""https://www.wikidata.org/entity/Q1351101""}]"
P_LUIS_HAQUIN,Luis Haquin,SPORTS,PENDING,PENDING,PENDING,1,False,PENDING,"[{""source"": ""WIKIDATA_DISCOVERY"", ""url"": ""https://www.wikidata.org/entity/Q40833256""}, {""source"": ""HYPEAUDITOR_INSTAGRAM_BOLIVIA"", ""url"": ""https://hypeauditor.com/top-instagram-all-bolivia/"", ""rank"": 35}]"
P_MARCELO_MARTINS_MORENO,Marcelo Martins Moreno,SPORTS,PENDING,PENDING,PENDING,2,False,PENDING,"[{""source"": ""WIKIDATA_DISCOVERY"", ""url"": ""https://www.wikidata.org/entity/Q370507""}]"
P_MARCELO_TORRICO,Marcelo Torrico,SPORTS,PENDING,PENDING,PENDING,1,False,PENDING,"[{""source"": ""WIKIDATA_DISCOVERY"", ""url"": ""https://www.wikidata.org/entity/Q1983682""}]"
P_MARCO_ETCHEVERRY,Marco Etcheverry,SPORTS,PENDING,PENDING,PENDING,0,False,PENDING,"[{""source"": ""WIKIDATA_DISCOVERY"", ""url"": ""https://www.wikidata.org/entity/Q246243""}]"
P_MARCO_SANDY,Marco Sandy,SPORTS,PENDING,PENDING,PENDING,0,False,PENDING,"[{""source"": ""WIKIDATA_DISCOVERY"", ""url"": ""https://www.wikidata.org/entity/Q970005""}]"
P_MARIO_PINEDO,Mario Pinedo,SPORTS,PENDING,PENDING,PENDING,0,False,PENDING,"[{""source"": ""WIKIDATA_DISCOVERY"", ""url"": ""https://www.wikidata.org/entity/Q2437933""}]"
P_MARTIN_SMEDBERG_DALENCE,Martin Smedberg Dalence,SPORTS,PENDING,PENDING,PENDING,0,False,PENDING,"[{""source"": ""WIKIDATA_DISCOVERY"", ""url"": ""https://www.wikidata.org/entity/Q6181313""}]"
P_MARVIN_BEJARANO,Marvin Bejarano,SPORTS,PENDING,PENDING,PENDING,0,False,PENDING,"[{""source"": ""WIKIDATA_DISCOVERY"", ""url"": ""https://www.wikidata.org/entity/Q10530340""}]"
P_MAURICIO_BALDIVIESO,Mauricio Baldivieso,SPORTS,PENDING,PENDING,PENDING,1,False,PENDING,"[{""source"": ""WIKIDATA_DISCOVERY"", ""url"": ""https://www.wikidata.org/entity/Q927430""}]"
P_MAURICIO_RAMOS,Mauricio Ramos,SPORTS,PENDING,PENDING,PENDING,1,False,PENDING,"[{""source"": ""WIKIDATA_DISCOVERY"", ""url"": ""https://www.wikidata.org/entity/Q1983631""}]"
P_MAURICIO_SAUCEDO,Mauricio Saucedo,SPORTS,PENDING,PENDING,PENDING,0,False,PENDING,"[{""source"": ""WIKIDATA_DISCOVERY"", ""url"": ""https://www.wikidata.org/entity/Q2665226""}]"
P_MAURICIO_SORIA,Mauricio Soria,SPORTS,PENDING,PENDING,PENDING,0,False,PENDING,"[{""source"": ""WIKIDATA_DISCOVERY"", ""url"": ""https://www.wikidata.org/entity/Q2018486""}]"
P_MIGUEL_RIMBA,Miguel Rimba,SPORTS,PENDING,PENDING,PENDING,0,False,PENDING,"[{""source"": ""WIKIDATA_DISCOVERY"", ""url"": ""https://www.wikidata.org/entity/Q2731813""}]"
P_MILTON_COIMBRA,Milton Coimbra,SPORTS,PENDING,PENDING,PENDING,0,False,PENDING,"[{""source"": ""WIKIDATA_DISCOVERY"", ""url"": ""https://www.wikidata.org/entity/Q2474534""}]"
P_MODESTO_SORUCO,Modesto Soruco,SPORTS,PENDING,PENDING,PENDING,0,False,PENDING,"[{""source"": ""WIKIDATA_DISCOVERY"", ""url"": ""https://www.wikidata.org/entity/Q1983349""}]"
P_MOISES_PANIAGUA,Moisés Paniagua,SPORTS,PENDING,PENDING,PENDING,1,False,PENDING,"[{""source"": ""WIKIDATA_DISCOVERY"", ""url"": ""https://www.wikidata.org/entity/Q116789138""}]"
P_PABLO_JAVIER_PEREZ,Pablo Javier Pérez,SPORTS,PENDING,PENDING,PENDING,1,False,PENDING,"[{""source"": ""WIKIDATA_DISCOVERY"", ""url"": ""https://www.wikidata.org/entity/Q7121729""}]"
P_PEDRO_AZOGUE,Pedro Azogue,SPORTS,PENDING,PENDING,PENDING,0,False,PENDING,"[{""source"": ""WIKIDATA_DISCOVERY"", ""url"": ""https://www.wikidata.org/entity/Q10556593""}]"
P_RAMIRO_VACA,Ramiro Vaca,SPORTS,PENDING,PENDING,PENDING,1,False,PENDING,"[{""source"": ""WIKIDATA_DISCOVERY"", ""url"": ""https://www.wikidata.org/entity/Q30278998""}, {""source"": ""HYPEAUDITOR_INSTAGRAM_BOLIVIA"", ""url"": ""https://hypeauditor.com/top-instagram-all-bolivia/"", ""rank"": 4}]"
P_RICARDO_PEDRIEL,Ricardo Pedriel,SPORTS,PENDING,PENDING,PENDING,0,False,PENDING,"[{""source"": ""WIKIDATA_DISCOVERY"", ""url"": ""https://www.wikidata.org/entity/Q922420""}]"
P_RODRIGO_RAMALLO,Rodrigo Ramallo,SPORTS,PENDING,PENDING,PENDING,0,False,PENDING,"[{""source"": ""WIKIDATA_DISCOVERY"", ""url"": ""https://www.wikidata.org/entity/Q6110781""}]"
P_ROMEL_QUINONEZ,Romel Quiñonez,SPORTS,PENDING,PENDING,PENDING,0,False,PENDING,"[{""source"": ""WIKIDATA_DISCOVERY"", ""url"": ""https://www.wikidata.org/entity/Q15622946""}]"
P_RONALD_EGUINO,Ronald Eguino,SPORTS,PENDING,PENDING,PENDING,0,False,PENDING,"[{""source"": ""WIKIDATA_DISCOVERY"", ""url"": ""https://www.wikidata.org/entity/Q6111650""}]"
P_RONALD_RALDES,Ronald Raldes,SPORTS,PENDING,PENDING,PENDING,0,False,PENDING,"[{""source"": ""WIKIDATA_DISCOVERY"", ""url"": ""https://www.wikidata.org/entity/Q2422878""}]"
P_RUDY_CARDOZO,Rudy Cardozo,SPORTS,PENDING,PENDING,PENDING,0,False,PENDING,"[{""source"": ""WIKIDATA_DISCOVERY"", ""url"": ""https://www.wikidata.org/entity/Q2009562""}]"
P_SAMUEL_GALINDO,Samuel Galindo,SPORTS,PENDING,PENDING,PENDING,0,False,PENDING,"[{""source"": ""WIKIDATA_DISCOVERY"", ""url"": ""https://www.wikidata.org/entity/Q2735425""}]"
P_SEBASTIAN_GAMARRA,Sebastián Gamarra,SPORTS,PENDING,PENDING,PENDING,2,False,PENDING,"[{""source"": ""WIKIDATA_DISCOVERY"", ""url"": ""https://www.wikidata.org/entity/Q20026825""}]"
P_VICENTE_ARZE,Vicente Arze,SPORTS,PENDING,PENDING,PENDING,1,False,PENDING,"[{""source"": ""WIKIDATA_DISCOVERY"", ""url"": ""https://www.wikidata.org/entity/Q9093231""}]"
P_VLADIMIR_SORIA,Vladimir Soria,SPORTS,PENDING,PENDING,PENDING,1,False,PENDING,"[{""source"": ""WIKIDATA_DISCOVERY"", ""url"": ""https://www.wikidata.org/entity/Q2562284""}]"
P_WILLIAM_RAMALLO,William Ramallo,SPORTS,PENDING,PENDING,PENDING,0,False,PENDING,"[{""source"": ""WIKIDATA_DISCOVERY"", ""url"": ""https://www.wikidata.org/entity/Q2439639""}]"
P_JOSH_REAVES,Josh Reaves,UNCLASSIFIED,PENDING,PENDING,PENDING,0,False,PENDING,"[{""source"": ""WIKIDATA_DISCOVERY"", ""url"": ""https://www.wikidata.org/entity/Q66006732""}]"
P_JUAN_JOSE_ZUNIGA,Juan José Zúñiga,UNCLASSIFIED,PENDING,PENDING,PENDING,0,False,PENDING,"[{""source"": ""WIKIDATA_DISCOVERY"", ""url"": ""https://www.wikidata.org/entity/Q126913543""}]"
P_KATHRIN_BARBOZA_MARQUEZ,Kathrin Barboza Márquez,UNCLASSIFIED,PENDING,PENDING,PENDING,1,False,PENDING,"[{""source"": ""WIKIDATA_DISCOVERY"", ""url"": ""https://www.wikidata.org/entity/Q19558428""}]"
P_MARCO_BULACIA,Marco Bulacia,UNCLASSIFIED,PENDING,PENDING,PENDING,0,False,PENDING,"[{""source"": ""WIKIDATA_DISCOVERY"", ""url"": ""https://www.wikidata.org/entity/Q63357186""}]"
