window_id,start_inclusive,end_exclusive,timezone,days
W01,2021-10-08T00:00:00-04:00,2021-11-08T00:00:00-04:00,America/La_Paz,31
W02,2021-11-08T00:00:00-04:00,2021-12-08T00:00:00-04:00,America/La_Paz,30
W03,2021-12-08T00:00:00-04:00,2022-01-08T00:00:00-04:00,America/La_Paz,31
W04,2022-01-08T00:00:00-04:00,2022-02-08T00:00:00-04:00,America/La_Paz,31
W05,2022-02-08T00:00:00-04:00,2022-03-08T00:00:00-04:00,America/La_Paz,28
W06,2022-03-08T00:00:00-04:00,2022-04-08T00:00:00-04:00,America/La_Paz,31
W07,2022-04-08T00:00:00-04:00,2022-05-08T00:00:00-04:00,America/La_Paz,30
W08,2022-05-08T00:00:00-04:00,2022-06-08T00:00:00-04:00,America/La_Paz,31
W09,2022-06-08T00:00:00-04:00,2022-07-08T00:00:00-04:00,America/La_Paz,30
W10,2022-07-08T00:00:00-04:00,2022-08-08T00:00:00-04:00,America/La_Paz,31
W11,2022-08-08T00:00:00-04:00,2022-09-08T00:00:00-04:00,America/La_Paz,31
W12,2022-09-08T00:00:00-04:00,2022-10-08T00:00:00-04:00,America/La_Paz,30
W13,2022-10-08T00:00:00-04:00,2022-11-08T00:00:00-04:00,America/La_Paz,31
W14,2022-11-08T00:00:00-04:00,2022-12-08T00:00:00-04:00,America/La_Paz,30
W15,2022-12-08T00:00:00-04:00,2023-01-08T00:00:00-04:00,America/La_Paz,31
W16,2023-01-08T00:00:00-04:00,2023-02-08T00:00:00-04:00,America/La_Paz,31
W17,2023-02-08T00:00:00-04:00,2023-03-08T00:00:00-04:00,America/La_Paz,28
W18,2023-03-08T00:00:00-04:00,2023-04-08T00:00:00-04:00,America/La_Paz,31
W19,2023-04-08T00:00:00-04:00,2023-05-08T00:00:00-04:00,America/La_Paz,30
W20,2023-05-08T00:00:00-04:00,2023-06-08T00:00:00-04:00,America/La_Paz,31
W21,2023-06-08T00:00:00-04:00,2023-07-08T00:00:00-04:00,America/La_Paz,30
W22,2023-07-08T00:00:00-04:00,2023-08-08T00:00:00-04:00,America/La_Paz,31
W23,2023-08-08T00:00:00-04:00,2023-09-08T00:00:00-04:00,America/La_Paz,31
W24,2023-09-08T00:00:00-04:00,2023-10-08T00:00:00-04:00,America/La_Paz,30
W25,2023-10-08T00:00:00-04:00,2023-11-08T00:00:00-04:00,America/La_Paz,31
W26,2023-11-08T00:00:00-04:00,2023-12-08T00:00:00-04:00,America/La_Paz,30
W27,2023-12-08T00:00:00-04:00,2024-01-08T00:00:00-04:00,America/La_Paz,31
W28,2024-01-08T00:00:00-04:00,2024-02-08T00:00:00-04:00,America/La_Paz,31
W29,2024-02-08T00:00:00-04:00,2024-03-08T00:00:00-04:00,America/La_Paz,29
W30,2024-03-08T00:00:00-04:00,2024-04-08T00:00:00-04:00,America/La_Paz,31
W31,2024-04-08T00:00:00-04:00,2024-05-08T00:00:00-04:00,America/La_Paz,30
W32,2024-05-08T00:00:00-04:00,2024-06-08T00:00:00-04:00,America/La_Paz,31
W33,2024-06-08T00:00:00-04:00,2024-07-08T00:00:00-04:00,America/La_Paz,30
W34,2024-07-08T00:00:00-04:00,2024-08-08T00:00:00-04:00,America/La_Paz,31
W35,2024-08-08T00:00:00-04:00,2024-09-08T00:00:00-04:00,America/La_Paz,31
W36,2024-09-08T00:00:00-04:00,2024-10-08T00:00:00-04:00,America/La_Paz,30
W37,2024-10-08T00:00:00-04:00,2024-11-08T00:00:00-04:00,America/La_Paz,31
W38,2024-11-08T00:00:00-04:00,2024-12-08T00:00:00-04:00,America/La_Paz,30
W39,2024-12-08T00:00:00-04:00,2025-01-08T00:00:00-04:00,America/La_Paz,31
W40,2025-01-08T00:00:00-04:00,2025-02-08T00:00:00-04:00,America/La_Paz,31
W41,2025-02-08T00:00:00-04:00,2025-03-08T00:00:00-04:00,America/La_Paz,28
W42,2025-03-08T00:00:00-04:00,2025-04-08T00:00:00-04:00,America/La_Paz,31
W43,2025-04-08T00:00:00-04:00,2025-05-08T00:00:00-04:00,America/La_Paz,30
W44,2025-05-08T00:00:00-04:00,2025-06-08T00:00:00-04:00,America/La_Paz,31
W45,2025-06-08T00:00:00-04:00,2025-07-08T00:00:00-04:00,America/La_Paz,30
W46,2025-07-08T00:00:00-04:00,2025-08-08T00:00:00-04:00,America/La_Paz,31
W47,2025-08-08T00:00:00-04:00,2025-09-08T00:00:00-04:00,America/La_Paz,31
W48,2025-09-08T00:00:00-04:00,2025-10-08T00:00:00-04:00,America/La_Paz,30
W49,2025-10-08T00:00:00-04:00,2025-11-08T00:00:00-04:00,America/La_Paz,31
W50,2025-11-08T00:00:00-04:00,2025-12-08T00:00:00-04:00,America/La_Paz,30
W51,2025-12-08T00:00:00-04:00,2026-01-08T00:00:00-04:00,America/La_Paz,31
W52,2026-01-08T00:00:00-04:00,2026-02-08T00:00:00-04:00,America/La_Paz,31
W53,2026-02-08T00:00:00-04:00,2026-03-08T00:00:00-04:00,America/La_Paz,28
W54,2026-03-08T00:00:00-04:00,2026-04-08T00:00:00-04:00,America/La_Paz,31
W55,2026-04-08T00:00:00-04:00,2026-05-08T00:00:00-04:00,America/La_Paz,30
W56,2026-05-08T00:00:00-04:00,2026-06-08T00:00:00-04:00,America/La_Paz,31
W57,2026-06-08T00:00:00-04:00,2026-07-08T00:00:00-04:00,America/La_Paz,30
W58,2026-07-08T00:00:00-04:00,2026-08-08T00:00:00-04:00,America/La_Paz,31
W59,2026-08-08T00:00:00-04:00,2026-09-08T00:00:00-04:00,America/La_Paz,31
W60,2026-09-08T00:00:00-04:00,2026-10-08T00:00:00-04:00,America/La_Paz,30
